name;content;year
Оправдается ли надежда?;"Оправдается ли надежда, — как знать? Нет игры более пустой и бесплотной, чем литературные предсказания. Случалось, что обманывали самые блистательные надежды, и порою «из ничего» развивались настоящие художники. Поэтому я поста­вил знак вопроса в заглавии статьи о Леониде Леонове. Но сразу хочу сказать, что такой надежды у нас давно не было, и давно уже не встречалось нам дарование настолько живое, полное силы и прелести. Леонов в начале этого года издал свой новый роман «Вор». Больше чем когда бы то ни было хочется «порекомендовать» эту книгу, — с уверен­ностью, что читатель останется признателен за рекомендацию. Какие есть удивительные страни­цы в «Воре», какое неподдельное вдохновение! Среди «молодых» у Леонова сейчас соперников нет. Первые повести Леонова появились, если не ошибаюсь, в 1922 году: «Туатамур», «Конец мел­ кого человека» и др. Но до появления романа «Бар­суки» о Леонове мало кто слышал, мало кто говорил. «Вор» это доверие удваивает. Несомненно, Лео­нов испытывает сейчас сильнейшее влияние Досто­евского, — как раньше он находился под влиянием Лескова. Самый переход от Лескова к Достоев­скому есть признак духовного роста. Читатель, вероятно, заподозрит, что Леонов воспринял влия­ние Достоевского поверхностно, по-ученически. Нет, — и это-то более всего в нем и замечательно. Леонов не подражает Достоевскому и не внешнюю его манеру перенимает. Он как бы входит в его внутренний мир и по-новому, по-своему его вновь оживляет, вновь заселяет живыми образами. Ни­ какой параллели между Достоевским и Леоновым я не провожу, и, конечно, это сейчас было бы де­ лом опрометчивым, безвкусно-торопливым, почти непристойным. Но нет ничего невозможного, что когда-нибудь эта параллель будет проведена, и, повторяю, Леонов единственный из молодых пи­сателей, о ком можно подобные слова сказать. 
Передать содержание «Вора» было бы очень трудно. Роман этот не принадлежит к тем, где во­ круг одного героя или одного какого-нибудь слу­чая вращается все остальное. Единого стержня в нем нет — наоборот, в нем сплетено огромное ко­личество отдельных существований, судеб и харак­теров. Это действительно «кусок жизни». Не обя­зательно за ним следовать — как даже и за Досто­евским, — но путь у Леонова не искусственно-вы­мышленный, мир его не призрачный, и в этом мире он не случайный гость. 
кое-чем напомина­ющий Ставрогина и как Ставрогин не находящий ни применения, ни выхода своим силам. Митька с высот жизни опускается на самое дно ее и к кон­цу романа в великой тоске ищет духовного вос­кресения. Это образ не совсем отчетливый, но за­думанный глубоко. Остальные лица яснее, и пси­хологическая обрисовка их, пожалуй, правдивее. Крайне искусственно введена в роман фигура писателя Фирсова, который будто бы сочиняет о действующих лицах повесть, забе­гает то сюда, то туда, сообщает мысли автора, ком­ментирует поступки героев и всюду суется без нуж­ды и толку. Леонов, к сожалению, уступил тут прихотям времени, требующим «сдвинутой кон­струкции»,Напрасно. «У дру­гих» все гораздо хуже, чем у него — и подражать им Леонову не стоило. 
Мысли автора выражает, впрочем, не только Фирсов, но порою и пьяненький Манюкин, и за кудрявым слогом его посланий к Николаше чув­ствуется иногда несомненно сам Леонов. 
Нельзя решить, объединен ли леоновский ро­ман одной какой-либо «идеей». Если и есть такая идея в нем, то лишь очень старая и общая: идея греха и искупления, падения человека и вечной возможности спасения. Было бы правильнее на­ звать это не идеей, а темой, и всякий знает, это тема, вечно тревожившая Достоевского. Вероятно, Достоевский внес бы в леоновскую фабулу просвет­ляющий, проясняющий трагизм, осветил бы ее све­том беспощадно резким. У Леонова в «Воре» есть что-то тягучее, есть какая-то «кашеобразность». Но ведь ему нет еще тридцати лет! И скорее зало­гом его роста, чем доказательством слабости, яв­ляется эта медленность его развития, эта «чест­ность с собой»: не говорить о том, чего еще не зна­ешь, не видишь, не понимаешь. Уже и сейчас Леонов разбирается в человеке, в его помыслах и желаниях, в его радостях и несчастьях как никто из наших современников. Уже и сейчас он умеет человека изображать — и, по-видимому, чувству­ет потребность и право человека судить, т. е. прежде всего самого себя в каждом из своих героев. Все в нем обещает, что он будет истинным поэтом, в широком смысле слова, — почти ручается за это. 
Но не будем гадать. Поблагодарим за «Вора», этот «нечаянный подарок», запомним имя Леоно­ва, — и будем ждать его новых книг. 
";1928
К. Федин и его новый роман «Братья»;"Основные качества К. Федина— добросовестность, усердие, трудолюбие. Наделенный от природы дарованием не первоклассным, он исполь­зовал его умело. Фединская беллетристика неиз­менно хорошо проработана, тщательно продума­на, чисто выполнена. Конечно, это «не бог весть что», — по глубине и широте замысла, по уровню вдохновения. Но это все-таки добропорядочная ли­тература, без срывов. 
Федин до сих пор выделяется среди них своей «творческой сознательностью». Не то чтобы он мало печатался, мало писал. Нет, — но у него была, очевидно, очень честная работа над собой, изучение «всяких образцов прошлого», чистосер­дечное желание что-нибудь у них позаимствовать. Была вдумчивость, было спокойствие. Федин ни­ когда не «халтурил» (кстати сказать, — удивитель­ное слово; неприятное, пусть, но выразительней­ шее слово, которое грех было бы преследовать ради мертворожденных идеалов языкового «пуризма»). Отсутствие малейших признаков озорства в его даровании порой даже казалось подозрительным. Пай-мальчики ведь редко достигают чего-либо в искусстве, и не случайно среди великих писате­лей почти нет бывших «первых учеников». Нуж­на какая-то капля яда... Но, повторяю, среди со­ветских «озорников» по профессии или по обязан­ности Федин выделялся выгодно. 
Его роман «Города и годы», при всей его услов­ности и искусственности, был все-таки хорошим романом, многих поразившим тщательностью пись­ма, высокой пробой его. От чтения оставался ка­ кой-то мутный осадок, — таково, по крайней мере, было мое впечатление, чувствовалось что-то под­ дельное в фединском романизме, что-то предумыш­ленное в его одушевлении. Но «придираться ко вся­ кому можно», и думалось: не придирки ли и это. 
Был настоящий роман, настоящая литература, а мы теперь не слишком по этой части избалованы, и опасно нам быть чрезмерно разборчивыми. 
Но вот новый роман Федина, только что издан­ный в Берлине «Петрополисом», помеченный авто­ ром на последней странице: март 1928 г. Все досто­инства Федина по-прежнему налицо, ничего как будто бы не изменилось. Однако если «осадок» оставал­ся от чтения «Городов и годов», то с «Братьями» дело обстоит много хуже. Очевидно, не Федин осла­бел, но мы пристальней в него вгляделись. 
Прежде всего: глубочайшая, беспросветная ску­ка. Но я не настаиваю на этом, личном моем впечатлении и хочу отметить скорее общий бес­спорный, почти реальный «дух скуки», веющий над этим романом, «сделанным» с таким трудом и старанием, — не живым, а жизнеподобным, не умным, а умничающим.  Все удачно, все правиль­но рассчитано и умело выполнено, но нет легко­сти, свободы, бессознательной и необъяснимой безошибочности, короче, нет игры, есть только ра­бота. А ведь творчества без игры не бывает. 
Я намеренно сбивчиво передаю содержание «Братьев». Но не думайте, что в романе действие развивается постепенно и что Федин связно повест­вует о жизни своих героев. В «Братьях» он еще раз применил любимый свой прием: начал с конца и затем принялся разъяснять, как до этого конца дело дошло. Не было бы большой беды, если бы только начало и конец оказались переставленны­ми. Но Федин вообще уничтожает время и движе­ние во времени. Он как бы не чувствует, что у вре­мени есть направление, беспрестанно забегая то вперед, то назад, составляет мозаику, где ни одна из частиц, естественно, с другой не сходится. Вот это-то больше всего и утомляет в его книге, — даже раздражает. Несомненно, это литературный «при­ем». Несомненно, этот прием уже изучен и класси­фицирован критиками формальной школы. Но что им достигается? Какое он имеет оправдание, кроме жалкого желания писать иначе, чем обычно писа­ ли до сих пор? Не только ли тогда перестает литература «вонять», когда в ней никакого следа при­емов не осталось, — как, впрочем, и во всяком ис­кусстве, всяком творчестве. У Федина повествование ведется скачками. Читая, удивляешься. Иногда даже удивляешься одобрительно: как остроумен и смел тот или другой скачок. Я даже иногда допу­скаю, — мы благодаря этим скачкам что-нибудь лишнее узнаем или воспринимаем. Но зато ни на одну секунду — о, это наверно — мы не в силах забыть, что читаем очень искусный роман совре­менного молодого писателя, владеющего всеми но­вейшими секретами своего дела. Не в силах забыть и поэтому не в силах забыться, читая. Ну, а без этого все ни к чему. Мне недавно пришлось гово­рить о Леонове по поводу его романа «Вор». Лео­нов пишет грубее, можно сказать — простодушнее, чем Федин. Но у него на каждой странице есть что-то, Федину недоступное... Как назвать это «что-то»? Талант? Вдохновение? Чутье? Инстинкт? Называйте как угодно. Но Леонов знает, куда в повествовании идет, читатель же чувствует, что автор его за собой ведет. Федин, пожалуй, оттого так и блуждает в своем романе, что для него самого все в нем темно и брести ему приходится ощупью. Напишет сцену, придумает диалог и не знает, удачна ли эта сцена, дает ли что-нибудь диалог или нет. Крайне харак­терны самые разговоры в «Братьях». Некоторые из них очень хороши и выразительны. Но другие, внешне схожие с первыми, совсем пусты, и в обры­вочности их ничего не заключается. Как будто вы­ стрелы наудачу: то полные, то холостые, а сам стре­лок не знает, когда какой случится, и щелкает кур­ком всегда одинаково. 
На всей книге — налет изысканного психоло­гизма, и под ним — сантиментальной, голубогла­зой мечтательности. Эти черты «геттингенства» в романе — кажется, наиболее природно-фединские. Есть легкое влияние Толстого (смерть Шеринга), есть кое-где и Достоевский, — не дух его, а как бы только привкус. 
Герои «Братьев» беседуют друг с другом крат­ко и скупо. Но один раз Федин своей манере изме­няет и заставляет их поговорить отчетливо на темы важные и общие — приблизительно так, как Иван и Алеша Карамазовы, в трактире, за чаем. Но увы... Оскудел, очевидно, с тех пор человеческий ум. Помните, о чем и как говорил Иван Карамазов — его доводы, его сомнения.
Это искренно сделано — и, конечно, искрен­ность здесь авторская. Но это примитивно по мыс­ли, по обороту ее, — и просто-напросто неинтерес­но. Сотни раз все это было в мире запечатлено словами, — и с неизмеримо большей силой недо­умения, с большим трагизмом. В современной Рос­сии азы и прописи духовной жизни человека схо­дят за дерзкое мудрствование. Повторять их — занятие невинное, но бесплодное. 
В заключение хотелось бы сделать короткую оговорку: отрицательное мое отношение к «Брать­ям» вызвано отчасти тем, что к Федину принято предъявлять большие требования. Окончательно­го, высшего испытания он, на мой взгляд, не вы­держивает. Но, конечно, в рядовой текущей сло­весности его роман — книга заметная и доказываю­щая, что в России не ослабела еще литературная культура. 



";1928
Восемнадцатый год;"Только что появилась в печати вторая часть «Хождения по мукам» Алексея Толстого — «Восемнадцатый год», книга долгожданная, во многих отношениях замечательная и в конце кон­цов все-таки разочаровывающая. 
Ал. Толстой — человек талантливейший. Кто этого не знает, кто против этого спорит? Но он на редкость неровный писатель. Ум ли изменяет ему, ослабевает ли воля, или просто Толстому слишком часто приходится спешить, — сказать трудно, но едва ли у кого-нибудь из современных беллетрис­тов можно найти такое причудливое соединение блестящего с тусклым, высокого с ничтожным, значительного с нелепым. Правду сказать, каза­лось до сих пор, что больше всего повинна в этом толстовская беспечность, небрежность. Казалось, пишет он «как из ведра»: даровитость увлекает его, легкость творчества соблазняет, а захоти он, как другие, подолгу отделывать, обтачивать, об­думывать каждую страницу, каких бы только чудес мы от него не дождались бы! Казалось, что Толстому все доступно. Но вот с выходом «Восем­надцатого года» приходится с этой иллюзией расстаться. Не все доступно Толстому. Этому перво­классному рассказчику не по силам оказался боль­шой роман. 
В чем дело? — с недоумением спрашиваешь сам себя. Ведь написано местами удивительно, хочется даже сказать, неподражаемо, — с такой зоркостью взгляда, с такой находчивостью и пре­лестью слова, что большего желать нельзя. Ведь все льется свободно. Ведь лица все живые и, дей­ствительно, их, как живых, видишь и слышишь... Одним словом, «ткань» нового толстовского рома­ на такая же, как в лучших его вещах. В чем же дело? Думаю, что в первый раз мы явственно ощутили границу толстовского дара, как бы коснулись «дна». Дальше, глубже идти он не может, — меж­ду тем как та жизнь, которую воссоздает, пред­ставляет или описывает автор, идет и дальше, и глубже... 
Не важно ведь, что в «Войне и мире» все характеристики безоши­бочны и все описания наглядны, — важно, что над целым витают душа и сознание автора, как Сава­оф над хаосом. И постоянное присутствие этой души, проникая в каждое слово, в каждую мель­чайшую мелочь, всему дает единую, непрерывную жизнь. Автор «Войны и мира» знает нечто для себя несомненное о человеческом бытии, и с этой точ­ки зрения героев своих не то что судит, нет, — но располагает и освещает. У него все «координировано». То же самое можно сказать о Флобере и, в особенности, о Бальзаке. Алексей Толстой восхитительно пишет, — страницу за страницей, главу за главой. Но он не способен подняться над це­лым, окинуть все одним взглядом. Наблюдатель он превосходный, но художник все-таки ограни­ченный. После «Восемнадцатого года» обольщать­ся больше нечего. Одной небрежностью или тороп­ливостью неудачу Толстого объяснить нельзя. Тол­стой оказался не в силах охватить свое создание, и, ничем не сдерживаемое, оно разваливается. 
Как вероятно помнит читатель, первая часть трилогии «Хождение по мукам» начиналась с опи­сания Петербурга в предвоенные годы и кончалась революцией. В предисловии Толстой обещал, что вся трилогия отразит «трагическое десятилетие русской истории».
О ней говорить рано: поживем — увидим. Но «Восемнадцатый год» не оправдывает широковещательных обещаний Толстого. 
Его военные сцены в целом сухи и скучны, как отчет. Невозможно следить за ходом действия в них: если это история, то лучше взять учебник; если это литература, то незачем механически за­ громождать ее названиями и подробностями, ко­торые ни чувству, ни мысли ничего не говорят. Кое-какие военные главы все же очень хороши. 
Страницы «мира» прекрасны. Но связь их со страницами военными — чисто внешняя.  Он бродит среди своих героев вслепую, как один из них, как равный между равных. Присматрива­ется, подмечает, рассказывает. Но куда движется то, о чем он рассказывает, какой смысл происхо­дящего вокруг, каково его собственное отношение ко всему этому, — он не только не знает, но и подумать не догадывается. Оси вращения Толстой не чувствует и ее не ищет. 
Отсутствие объединяющего сознания Толстой мог заменить чем-либо другим в небольших ве­щах. В огромном романе оно оказалось отсутстви­ем жизни. 


­ 
";1928
Циники;"
Вот еще одна ликвидационная книга: «Цини­ки», роман Мариенгофа. Она отчасти выходит за пределы этой темы, но внушена ею же. В сущности, в глубине ее лежит не только вопрос: «как пере­стать быть революционером?», но и вопрос следу­ющий, дальнейший: «как перестать быть челове­ком?» Книга странная и, местами, отвратительная, но умная, резкая и отчетливая. Автор» — знаток и ценитель искусства, но вдруг разражается следующей тира­дой. Дру­гие афоризмы его таковы, что их не совсем удобно перепечатывать. 
Под оболочкой «цинизма», по замыслу Ма­риенгофа, должны, очевидно, скрываться настоя­щие чувства, должна двигаться настоящая жизнь. Ирония заглавия несомненна. Последняя фраза авторского дневника зву­чит грустно-лирически... Не слишком опустоше­ны Мариенгофом его герои: им иногда удивляешься, им ни минуты ни в чем не сочувствуешь. Эти искалеченные несчастные существа даже непо­хожи на людей, и на фоне революции, под ее то вздымающийся, то падающий аккомпанемент, они бродят как тени. Стать ей «созвучными» им ни­ как не удается. 
Что такое эта книга? Бесстрастная запись или обвинительный акт с благонамеренной тенденцией, или «психологический этюд», или горькая автор­ская исповедь? Не знаю. Но книга любопытная. 

";1928
Пролетарский классик;"Мало ли может каж­дый из нас вспомнить примеров, вызывающих эти смешанные неотчетливые чувства? Но никаких со­ мнений и колебаний не вызывает Гладков. Гладков совершенно и безнадежно бездарен. По совести говоря, не знаю, как это объяс­нить. Или Ромен Роллан поверил на слово кому- нибудь из своих друзей, что Гладков «росток» и даже многообещающий, или французский перевод­ чик приукрасил роман, или... какое угодно готов допустить «или», но остаюсь при твердом убежде­нии, что «Цемент» — произведение пустое и мерт­ворожденное и что мои личные вкусы или склон­ности в этой оценке роли не играют. 
По идео­логической выдержанности, по чистоте марксист­ского миросозерцания и температуре коммунисти­ческого пыла Гладков соперников имеет немного. Начать с того, что для него, кроме «партии», другого мира нет, все герои его — «партийцы», клянутся и божатся они только именем Ленина, а «чистка» из партии, то есть исключение из нее представляется им ужаснейшим из несчастий, кото­рые могут постичь человека на земле. В «Цементе» две основные темы — это боль и строительство. Первая означает личное начало жиз­ни, вторая — общественное. Личное вступает с общественным в борьбу, отсюда «трагическая кол­лизия». Впрочем, особой коллизии не получается, ибо в душах гладковских героев победа общего предрешена, и одерживается она без труда, «без нытья и всякой там истерики». 

Партия заменила Гладкову жизнь. Оттого в «Цементе» нет никакой силы, никакой свободы — все схематично, все заранее угадывается и совер­шается по указке. есть только поступки, которые приписывает им автор и которые они со­вершают как бы по какому-то плану, заставля­ющему Дашу быть «стопроцентной» коммунисткой, Мехову — истеричкой и т. д. Поступки ничем, кроме теоретических соображений, не объединены. Роман Гладкова в лучшем случае — лишь иллюстрация к партийному учебнику, но как о произведении о нем говорить просто- напросто невозможно.Гладковский роман так же уныл и плос­ко тенденциозен, как самые унылые и плоские, давно забытые повести шестидесятых и семидеся­тых годов. голословное утверждение, лишенное вся­кой убедительности. 

Еще одно замечание: можно решить, вероятно, что эти литературно-художественные споры боль­шого значения теперь не имеют — идут теперь споры и поважнее. На это ответим следующее: пусть так, но ведь «книга образует человека». Этого-то, кажется, уже никто не отрицает. И вот, по гладковскому роману у тысяч и тысяч людей создает­ся образ существования, где все делится на черное и белое, все просто, как в задаче, к которой тут же приложено и решение. А начнут эти люди жить, и сразу будут неизбежно сбиты с толку сложностью и неразрешимостью жизни, и с ложным, лубочным представлением о ней окажутся окончательно бес­ помощны. 
Несколько слов в заключение о том, как на­ писан роман. Будто сознавая, что все в «Цементе» подделка и выдумка, Гладков для соответствия формы содержанию, и вместо языка предлагает какой-то приторный, назойливо художественный суррогат. Нам думается совсем другое: Гладков пытается пышно-цветистым стилем скрыть свое скудоумие, свое удручающее бездушие — и тщетно, конечно. 




";1929
Смерть Грибоедова;"Роман появился как нельзя более вовремя. 11 февраля исполняется ведь сто лет со дня смер­ти Грибоедова, и для тех, кто захочет в эти дни о поэте вспомнить, книга Тынянова — редкостная находка. В ней очень много сведений, сведения эти в общем верны, а от чтения романа, даже и сухо­ватого, в памяти всегда остается больше, чем от обыкновенного исследования. Ему удает­ся превратить своих героев в настоящих людей, оживить обстановку и эпоху, вообще возвысить свое повествование над протоколом. Как с первого взгляда это ни странно, наименее живое лицо в его романе — сам Грибоедов. Но на это есть причина. Тынянов не в состоянии был «выдумать» или создать Грибоедова, он для этого слишком слабый художник, а из того, что мы о Грибоедове знаем, живого человека не сложить, и образ его в нашем представлении двоится. У Тынянова Грибоедов представ­лен фигурой сомнамбулической, живущей почти бессознательно, что-то делающей, что-то говорящей и по какому-то непреложному предначертанию иду­щей к гибели. Эффектно, но неубедительно. Ни одной живой чертой наше представление об авто­ре «Горя от ума» Тынянов не обогатил. 
Как написана «Смерть Вазир-Мухтара»? Но есть глубокая пропасть между механическим умением и творческим опы­том. Есть иногда изощренность, есть постоянно тщетное желание писать иначе, нежели писали до сих пор, есть утомительная показная «литературность» — можно сказать, как один из француз­ских критиков: 

Мне кажется даже, что скорей у Тынянова имеется непосредственное, скромное, но все же подлинное дарование рассказчика, чем «высокое мастерство». Не хочу быть голословным. Как все это старо, как беспомощно, как пло­хо — говоря попросту.
Что смерть его могла бы внушить людям «ужас и жалость», — чувствуешь даже по холод­ному повествованию Юрия Тынянова. 




";1929
Зависть;"Олеша — настоящий писатель, не очень крупный, но умный и острый. Роман его из недавно вышедших книг естествен­нее всего было бы сравнить с «Циниками» Мариен­гофа, причем за Олешей остается преимущество и в силе изобразительности, и в точности анализа. 
Обе книги отдаленно родственны — не столько темой, сколько тоном безнадежным и насмешли­вым. Роман Олеши написан тщательней, в нем меньше самолюбия. Роман вовсе не плоско тенденциозен, как это может показаться по пересказу. Взаимоотношения Кавалерова и Бабичева не исчерпываются обычны­ми, всем знакомыми схемами, и самые образы их жизненно сложны, жизненно противоречивы. Причудливейшая фантастика, идущая несомненно от Гофмана, вплетается в отчетливый и правдивый реализм. Некоторые чисто реалистические сцены романа написаны восхитительно
Конечно, главное значение романа для совет­ской критики — в его идеологии. Но следует за­ метить, что Олеша дает в этом отношении только материал, толковать который каждый может, как ему угодно. В чертах Бабичева и Володи есть, не­сомненно, что-то комическое. Утверждает Олеша только то, что сейчас происходит разрыв двух эпох — но кто же этого не видит и не сознает. Его «беллетристический комментарий» к этому утверждению не страдает никаким предвзятым упрощением. Олеша склонен кое-что подчерки­вать, преувеличивать, но он не притворяется, что в теперешней исторической путанице все для него разложимо и понятно. Оттого ему удается остаться художником в романе, написанном на публици­стические темы. 


 

";1929
Преемник Лермонтова;"Борис Пильняк— писатель настолько сбивчивый, расплывчатый и туманно-тревожный, что никогда, собственно, нельзя определенно ска­зать, о чем он пишет. Начнет какое-нибудь по­вествование, вполне отчетливое и ясное, сочинит страниц десять-пятнадцать в этом роде и дальше непременно перейдет на себя, на судьбу поэта, на Революцию — с большой буквы, конечно, — на снег, на ветры и метели, на мистическую и пре­красную Россию, на то, как он Россию любит, или как Россия любит его, и в конце концов так бес­конечно запутается, что остается ему один толь­ ко выход: поставить вовремя многоточие и вер­нуться к рассказу. В таких сладко-поэтических отступлениях утопают все вещи Пильняка, и если в небольших дозах эта нехитрая лирика могла бы оказаться и приятной, то когда она препод­носится целыми пудами везде и всюду, от ее на­зойливой чувствительности не знаешь как из­бавиться. 
При этом невозможно отрицать, что Пильняк — даровитый человек, вернее даровитая «натура», чутьем иногда находящая темы, слова, тон, кото­рые запоминаются. Но несомненная ограничен­ность Пильняка дает себя знать постоянно, почти в каждой фразе, и, конечно, она препятствует тому, чтобы Пильняк стал большим писателем. Таланта у него, может быть, и хватило бы, но, кроме та­ланта, настоящее творчество требует еще многого другого, чего у Пильняка в помине нет. При большей скромности он оказался бы приемлемее. Но так как Пильняк всегда взбирается на ходули, всегда вещает, голосит, витийствует или пророче­ствует, то он сам себя губит: нам не только не страшно, когда он нас «пугает», — нам чуть-чуть еще и смешно. 
Можно ли не улыбнуться, например, прочитав в новой повести Пильняка «Штосс в жизнь»1 — повесть о Лермонтове — следующие слова: 

Все это у Пильняка вышло неплохо. Но, Боже, что происходит дальше. Внезапно Пильняк реша­ет, что достаточно говорилось о Лермонтове, пора поговорить и о самом себе. Тут и начинается «мы с Лермонтовым». Пильняк, Эти главы ничтожны и тягостны. Неловко становится за автора. С этим чувством закрываешь книгу. 

 

";1929
Мих. Зощенко;"
Так жалуется Зощенко в повести «Страшная ночь». Сквозь ужимки и смешки чувствуется в его словах искреннее недоумение. 
Это очень грустный писатель. И, может быть, оттого в юморе Зощенки бывает такая прелесть, что юмор его легок, бледен, как будто «одухотво­рен». Далекий отсвет от Гоголя лег на Зощенко, и это становится особенно ясным, если сравнить писания его с рассказами, например, аверченковскими — всегда более грубыми, искусственными, лишенными внутренней темы, единой душевной основы. И всегда, — добавлю, — менее смешны­ми. О Зощенке не следует судить по бесчисленным рассказам, появляющимся в советской или здеш­ней нашей печати. Рассказы эти часто слабы, порою слабы до крайности. По-видимому, Зощенко — человек не богатый силами, и писать, а тем более печатать, ему надо с осмотрительностью. Но на его вещи — огромный спрос, он торопится, уступает, пишет, что попало и как попало, одним словом, «халтурит», как говорят теперь в России. Поэтому большая часть из того, что появляется за подписью Зощенки, для него не характерно и его не достой­но. Мелькают в газетных набросках отдельные «искры», след настоящего таланта. Но их немно­го. В книге же избранных рассказов Зощенки— его лучших вещей — этот талант чувствуется на каждой странице. 
Зощенко — единственный из молодых русских писателей — создал некий «живой тип». Этот тип теперь всем известен. Отчасти в изображении этой чепухи в Зощенке сказался обличитель, прирожденный сатирик: он описывает современную русскую жизнь и, подчеркивая некоторые ее зловеще-комические черты, ухитря­ется говорить то, что другому писателю сказать невозможно. С Зощенки ведь — «взятки гладки». Но за сатирой Зощен­ки на теперешнюю русскую неурядицу слышится нечто более глубокое или, во всяком случае, лич­ное.
Зощенку я с Гоголем не сравниваю, конечно. Но мне думается, что он хоть и слабый и измель­чавший, но все же подлинный потомок Гоголя. Совершенно так же, как за Миргородом, за бес­смыслицей зощенковской повести «О чем пел со­ловей» встает что-то гораздо большее, чем ссора мелких людишек. Прочтите эту повесть — она достойна внимания. 


";1929
«Красное дерево» Б. Пильняка;"Борис Пильняк в немилости у большинства советских критиков. У Пильняка везде и всегда столько сырой, рас­текающейся лирики, что, право, никому, кроме автора не под силу понять, чего он собственно хо­ ет. Это главным образом и раздражает его кри­тиков, — они упрекают Пильняка в сочувствии «и нашим, и вашим». 
Новая вещь писателя «Красное дерево», веро­ятно, увеличит эту подозрительность. Вещь соблаз­нительная по духу, и ее легче можно истолковать в том смысле, что Пильняк оплакивает в ней красо­ты и прелести исчезнувшего быта. Я сказал «вещь», не зная, как сказать точнее и привычнее: роман, повесть, новелла, очерк, статья... Нет подходяще­го слова.  Пильняк в «Красном дереве» обращается к прошлому. Первая фраза дает основной тон: 
Все повествование ведется в умиленно-груст­ном стиле сожалений о прошлом и могло бы быть напечатано в «Старых годах». Однако нет-нет, Пильняк да и опомнится и ввернет что-нибудь о «сладчайшей песне метелей революции» или не­ожиданно примется кощунствовать — будто предлагая не смешивать его с белыми консервативны­ми эстетами. Но как же не смешивать! Посудите сами — соответствуют ли эти вздо­хи суровому цементно-индустриально- электрификационному облику эпохи строительства? Нет ли в них «пассеизма» — как любят теперь выражать­ся? На наш взгляд, есть, — и действительно чув­ства и стремления автора «Красного дерева» пред­ставляют собою смесь до крайности странную, слу­ чайную и причудливую по составу. 
О том, как Пильняк пишет, мне не раз прихо­дилось говорить. Новая его вещь — не лучше и не хуже прежних. Приведу одну только фразу для иллюстрации
­ 

";1929
«Белая гибель» Б. Лавренева;"Это писатель скром­ный, второстепенный, не из тех, о ком в любом номере любого советского журнала, в каждой литературной статье что-нибудь говорится. Лавре­нева читают охотно, но толковать о нем нечего. У него есть дарование, есть наблюдательность, есть умение писать, но все в размерах, не вызы­вающих удивления и не задерживающих внима­ния. Кажется, он и не претендует на первые роли.«Белая гибель» не отличается особыми худо­жественными достоинствами, но читается с напря­жением.
Для придачи увлекательности фабуле, в отступ­ление от истины, Лавренев заставляет Гильомэ взять с собой в экспедицию пари­жанку — Мадлен. 

Разумеется, подобная тема требовала огромно­ го, сильного таланта. Она трудна и ответственна. Предмет повествования оказал­ся ему по плечу — об этом двух мнений быть не может. Но все-таки «Белая гибель» должна и не­сомненно будет иметь успех, — по самому замыс­лу своему. 
отчетливо сознавая, что все было совсем не так, что ничего достоверно мы не узнали, он все же будет благодарен писателю за правдоподобный и увлекательный вымысел, за приемлемую «ги­потезу». 
";1929
«Четыре стены» В. Ряховского;"«Четыре стены» Василия Ряховского—один из тех советских романов, которые не имеют никакого художественного значения, но все же должны быть прочитаны. Ряховский — бытовой писатель, стремящий­ся лишь к тому, чтобы дать «картину нравов». Он хорошо знает среду, которую изображает, доста­точно грамотен, чтобы дать картину отчетливую и ясную, достаточно честен, чтобы удержаться от искажения ее грубой тенденциозностью. В романе его тенденция есть, конечно Ни их названий, ни имен их авторов запомнить невозможно: они составляют «серую массу» литературы, они все более или менее схо­жи между собой. Но их стоит читать и даже надо читать: они рассказывают о том, что делается в России. У Ряховского, например, вовсе не так много воображения, чтобы измышлять или лгать. Он скромно и старательно видит вокруг себя. На большее он неспособен и этим, собственно, и обу­словлено его значение для нас. Если бы Ряховские принялись сочинять исторические романы или фан­тазировать о жизни марсиан, читать их не хва­тило бы сил и не было бы оснований. 
Разумеется, осведомление их — плоское, лишь о том, что происходит на поверхности жизни. Но не все же толковать о «духе» или о «глубинных про­цессах» народа, да и не понять ничего в глубинах, если не присмотреться к поверхности. 
Основная тема «Четы­рех стен» — вопрос, как совместить личную жизнь с беспощадной требовательностью коммунистичес­кого общества, — разрешения у Ряховского не находит. 

";1929
«Труды и дни Свистонова» К. Вагинова;"В майском номере «Звезды» помещена повесть К. Вагинова «Труды и дни Свистонова» — повесть не то чтобы замечательная, но в высшей степени причудливая, почти сомнамбулическая по замыс­лу и труднозабываемая. У Вагинова в советской литературе — известность крайне отрицатель­ная, и действительно, писателя белее далекого от господствующих в России веяний более равнодуш­ного к злободневности нельзя себе представить. Его не без основания назвал кто-то из критиков «последним последышем декадентства». Вагинов учил­ся в литературной студии Гумилева, но наибольшее влияние оказал на него Сологуб, да и у само­го Сологуба никогда лиризм не был так уныл и томителен, мрачен и безысходен. 
Вагинов — человек, несомненно, талантливый, особенно в стихах. Прозы он до сих пор обнародо­вал немного, — насколько мне известно, один или два рассказа и роман «Козлиная песнь», вызвав­ший в казенной печати резкую брань, а в литератур­ных кругах — удивление, смешанное с интересом. 
Такое же впечатление произведут, вероятно, и «Труды и дни Свистонова».«Труды и дни Свистонова» — карикату­ра на мир, грустная и зловещая, но тронутая тем неразложимым, не поддающимся анализу очаро­ванием, которое есть вернейший признак поэзии, 
«Божья милость», ни в каких студиях не приоб­ретаемая. То же было и в «Козлиной песни». 
";1929
«Воображаемый собеседник» О. Савича;"
Я принялся читать только что изданный ро­ман Савича «Воображаемый собеседник» с любо­пытством: оправдается ли то давнее замечание моего приятеля. С первых же глав любопытство сменилось настоящим интересом, и чем дальше я читал, тем интерес усиливался. Действительно — Савич очень даровитый писатель, кое-где еще не справившийся с темой и ослабевающий под тяже­стью ее, но только потому, что тема его подлинно значительна и стремится он обработать ее по-своему, не считаясь ни с чьими указаниями и слушая лишь свою творческую совесть. В противополож­ность огромному большинству советских литера­турных «новинок», роман Савича имеет ценность именно художественную, поэтическую, литератур­ную, как живой вымысел, а не как показательное настроение или зеркало быта. В нем, разумеется, отражены и быт и настроение. Но при наличии несомненной и своеобразной индивидуальности в основе произведения, при нерасторжимом объеди­нении всех элементов его одним, как бы все прони­кающим взглядом картины быта становятся лишь оболочкой романа и ненадолго задерживают вни­мание. Можно сказать для пояснения и иначе: роман Савича, подобно другим современным русским романам, — тоже «документ» о жизни в Рос­сии, но в то время как другие романы — только документы, в «Воображаемом собеседнике» есть нечто большее, по сравнению с чем документаль­ная часть кажется несущественной. Савич — че­ловек в советской литературе, один из немногочис­ленных в ней людей. Это сразу чувствуется. За это ему прощаешь некоторые его промахи, которые у писателя более поверхностного оказались бы губи­тельными. За это же и отвечаешь ему доверием. 
«Воображаемый собеседник» начинается с за­бавной и отлично написанной сцены.  его неожиданно острому влечению ко всему необычному и ненормальному, — удиви­тельны. Слабее — конец с просветлением перед смертью. Он написан как будто «под занавес», и незамысловатая эффектность его не на уровне остальных частей романа. По пересказу может показаться искусственной и надуманной вся фа­була книги. Но в том-то и значительность талан­та Савича, что он убеждает читателя не только в естественности всего хода событий — он достигает впечатления непоправимости, внутренне логичес­кой и почти что роковой. 
Есть в «Воображаемом собеседнике» следы ино­странных влияний — особенно влияний француз­ских. Однако по существу книга очень русская — с русской наивностью и с русской глубиной. От­радно в книге и то, к чему постепенно приходят лучшие из молодых наших писателей: внешняя простота стиля, без «роскошных» образов на каж­дом шагу, без «сочных» красок, головокружитель­ных сравнений, изысканных метафор и всякой другой дребедени, которой дорожат только те, у кого больше ничего за душой нет. 



";1929
«Повесть» Б. Пастернака;"Исключительное внимание, окружающее имя Бориса Пастернака, обыкновенно удивляет людей, которые знают только то, что он пишет, и не знают его самого. К незнакомым с Пастернаком лично и поэтому слегка «удивленным» принадлежу и я. Однако мне представляется ошибочным думать, что суждение чисто читательское a priori справедли­вее оценки, к которой примешаны посторонние впечатления от встреч и разговоров. Если вокруг писателя в течение десяти с лишним лет упорно держится ореол «не­обычайности», надо быть осторожнее в наших суж­дениях о нем и не торопиться с категорическими приговорами. А «необычайность» в Пастернаке, по- видимому, есть — и подлинная. Стихи Пастернака действительно не лишены волшебства. Их безудержная стремительность, их сила, временами их патетическая выразитель­ность — необыкновенны, и никакие разногласия в вопросе о методах или манере писать не могут заставить это отрицать. Если бы задержка была только в пресловутой «непонятности» Пастерна­ка — сговориться с его поклонниками было бы не­ трудно. Но есть препятствие более значительное: звук его голоса, качество, тембр, плоский и скудный. В прозе это менее заметно и потому проза Пастернака — «Детство Люверс», «Воздушные пу­ти» и другие вещи — пожалуй, удачнее и даже ценнее его стихотворной лирики. Парал­лели между Пастернаком и Тихоновым проводить нет основания — Пастернак бесспорно даровитее, своеобразнее и как-то «взрослее», — но внутрен­не оправданное влечение к прозе у них обоих одинаковое. 
Это образец  «среднего Пастернака», со всеми его достоинства­ми и блеском, порой «волшебными», со всеми его провалами, не всегда объяснимыми. Местами вос­хитительно, местами невнятно и вяло, а целое... да есть ли оно, это целое? Но по существу эта повесть похожа на листки из записной книжки, куда заносится все, что проле­тает в сознании, и которые обрываются случайно. Читать эти листки было бы значительно интерес­нее, если бы в них было поменьше откровенной и сырой литературности. Стиль Пастернака изнемогает под грузом метафор и всевозможных словесных роскошеств. Правда, у Пастернака есть преимуще­ство перед остальными беллетристами, пишущи­ми приблизительно в том же роде: у него за стилем чувствуется аналогичное восприятие мира, где все всему отвечает, все всему «корреспондирует», по Бодлеру. Пастернак в своем стиле как будто бы зряч там, где другие слепы и поэтому находят сло­весные сочетания наугад. Если его образы проверить или продолжить и додумать, они всегда оказы­ваются «жизнеспособны». Но все-таки этот полу- бутафорский, квазипоэтический, разукрашенный и размалеванный мир насколько он грубее того, чем ограничивают себя трезвые глаза мира простой, неразложимой и никому себя не навязывающей прелести. Пастернаковские образы — шелуха, не более. Не отрицаю, что придуманы они большей частью очень талантливо. 
Если есть в повести что-либо действительно замечательное, то, в сущности, только зоркость, слух и чутье к жизни: тончайшее ощущение ее во всех полутонах и воображение, дополняющее ее так же причудливо, как и безошибочно. 



";1929
«Софья Петровская» Вольфа Эрлиха;"
Тема для поэта необычная. От гражданского лиризма наша поэзия давно отвыкла, хотя Блок и пытался вернуть ее на этот путь.«Софья Перовская» — вещь очень талантли­вая. Она написана человеком, еще не вполне ис­кушенным в вопросах стиля и вкуса, но уже име­ющим власть над словом, уже умеющим заставить старые слова звучать по-новому. Эрлих с внешней стороны пишет «по-пушкински». В большинстве строф он, действительно, подражателен. Но кое- где поэт становится самим собой, и тогда его сдержанно-печальный, очаровательный по тембру, слегка насмешливый, очень личный стих «всту­пает в свои права». 
Затем — в поэме есть высокое «гражданствен­ное» сознание. Оно сказывается не в том, что Эр­лих прославляет Перовскую, а в том, как он это делает. В поэме есть Россия, мысль о России, беспо­койство о ней. «Неясность идеологии», что и гово­рить, имеется. Эрлих не дает «классового анали­за» дела Перовской, не защищает, не оправдывает ее (если не считать крайне неудачных, барабан­ных, точно приделанных заключительных строк). Но он понимает неотделимость ее от русской исто­рии, от русских судеб, — даже не столько Софьи Перовской лично, индивидуально, сколько «Перовских» вообще. 
";1930
"«Игра в любовь» Льва Гумилевского 
";"«Игра в любовь» Льва Гумилевского — роман до крайности бойкий, ловкий, если угодно, даже увлекательный. Он абсолютно ничтожен в худо­жественном, идейном или каком-либо другом «се­рьезном» отношении. Но автор его едва ли такими целями задавался. Насчет «художественности», впрочем, авторские намерения остаются под подо­ зрением: Гумилевский дает главам своего романа названия витиеватые и претенциозные, он иногда не прочь блеснуть каким-нибудь пышным образом или сравнением. Но все эти попытки наивны и беспомощны до трогательности. Зато в построе­нии и развитии фабулы Гумилевский обнаружил способности незаурядные, и любителям чтения легкого, занятного, слегка приперченного злобо­дневными советскими настроеньицами и очеред­ными советскими темками, он доставит большое удовольствие. 
Темп быстрый, действие сложное. С первой страницы дается читателю загадка, и разрешается она толь­ко в самом конце книги. 
Было бы слишком долго рассказывать, такая бездна интриг, хитрости и корысти за этой «као­линизацией» скрывается
";1930
«Бритый человек» Анатолия Мариенгофа;"Впрочем, тот, кто читал предыдущие беллетристические произведения Мариенгофа, зна­ет приблизительно, чего ждать. Короткие, сухова­тые главы, суховатый, насквозь иронический стиль, анекдоты один другого сомнительнее, безнадежная, как бы «могильная» мечтательность, опустошенные души. Мариенгоф верен себе в «Бритом человеке». Это бесспорно одна из самых отталкивающих книг, которые в нашей литературе существуют. Но вме­сте с тем это умная и умелая книга, по существу, серьезная, очень грустная. «Циники», пожалуй, были глубже. В «Бритом человеке» замысел тот же, но разработан он манернее и не так убедитель­но. Меньше зоркости, больше литературного же­манства, чем было в той книге. Но подлинная да­ровитость автора чувствуется и здесь. 
Литературный жанр, к которому принадлежит «Бритый человек», не является вполне самостоя­тельным открытием или «достижением» Мариен­гофа. Можно указать несколько родственных ему книг из тех, что вышли в последние годы. Мариенгоф — беллетрист советский. Его в мос­ковских журналах, однако, не печатают, потому что той спасительной идеологии, тех «бодрящих и про­тестующих ноток», которые в изобилии имеются, например, у Олеши, у него нет. Но интересно все- таки, какие удивительные «цветы зла» на советской почве вырастают. «Бритый человек» явление если и не очень крупное, то ни в коем случае не ничтож­ное и бесспорно показательное. Психологу быта и времени, человеку, склонному к социальным обобщениям, книга эта даст материал первосортный. 
Опасаюсь я только того, что она покажется трудной такому человеку, если он не подготовлен технически, не тренирован, не «натаскан» в чте­нии новейшей беллетристики. Это препятствие легко преодолимое, но преодолимое все-таки не сразу. «Бритый человек» написан столь же искус­но, сколь и вычурно. Случай, рассказанный в нем, сам по себе довольно прост, но Мариенгоф непре­рывно нарушает ход повествования, и время для него как будто не существует. Развязка дается на первых страницах романа, на последних — вступ­ление. В середине книги действие внезапно обры­вается, автор возвращается к развязке, сообщает новые подробности, потом объясняет, с чего все началось... И даже по забывчивости он в рассказе своем ни разу не совпадает с течением времени. Так пишут многие теперешние беллетристы. Худо это или хорошо, оправданно или нет, — вопрос особый. Скажу только, что с этим вовсе не трудно освоиться, как нетрудно в этой путанице и разо­ браться. Но на первых порах может показаться, что книгу писал сумасшедший. 
";1930
«В раздвинутый дали» К. Бальмонта;"Ранние стихи Бальмонта вызвали всеобщие восторги. Были и насмешки, конечно, было отрицание, глумление. Но поколение, сме­явшееся над Бальмонтом и вообще над «декадентами», уже сошло со сцены, а если некоторые пред­ставители его еще живы, то на своих буренинских позициях они больше не упорствуют и не прочь даже признать, что «все-таки, знаете, у Бальмон­та что-то такое есть», какая-то неопределенная поэтичность и певучесть. Впрочем, они тут же до­бавят, что «до Фофанова ему далеко». 

Менее всего изменились стихи Бальмонта. Но люди еще помнят свои давние восхищения, еще благодарны поэту за них и, не восхищаясь более тем, что приходится им теперь за подписью Баль­монта читать, решают, что «поэт ослабел». Проверь­ те это впечатление, раскройте любую из ранних бальмонтовских книг, хотя бы самую прославлен­ную, «Будем как солнце»: вы с удивлением убеди­тесь, что разница вовсе не велика, и замечается она скорее в поэтических приемах, нежели в са­мом существе стихов. И там, и здесь та же рос­кошь «словесного наряда», та же изысканность, еле-еле удерживающаяся на грани вычурности, то же пристрастие к блеску, та же энергия напева, тот же внешний жар и тот же все-таки внутрен­ний холод. 
Невольно спрашиваешь себя: чем вызваны были у непосредственных ближайших современников Бальмонта, у соратников его «крики восторга» при чтении его стихов? 
История знает много примеров таких «пере­оценок». Когда пишешь и думаешь о Бальмонте, с та­ким сомнением расстаться невозможно. Лучшие знатоки поэзии, люди самые требовательные вос­хищаются им. Признавая, что у Бальмонта есть недостатки, они все же утверждают, что ему «нельзя противостоять». А если мы верить по совести не в силах, то самое правильное дать потомству разо­браться в этом расхождении вкусов и взглядов. Суть истории может быть и не абсолютно безгрешное установление, но все-таки лучшего суда у людей нет и все-таки это инстанция безапелляционная. 
На чем держались влияние и престиж Баль­монта четверть века тому назад и почему сейчас это влияние так уменьшилось и престиж померк? 
Повторяю, причина вовсе не в том, что Бальмонт будто бы ослабел, нет, он остался самим собой и если некоторая усталость в его творчестве и чув­ствуется, то она все же не так велика, чтобы все можно было ею объяснить. Причина сложнее, глуб­же — о ней в нескольких словах сказать нелегко. 
Когда Бальмонт явился, русская лирика исся­кала и ссыхалась от какого-то добровольного ас­кетизма, который можно приблизительно опреде­лить как аскетизм «общественно-гражданский». Но все это было очень давно. Надсона мы ус­пели забыть. Декоративными прелестями модер­низма успели пресытиться. Но, перелистывая эту книгу, так мно­го вспоминаешь, и настолько не похоже на обыч­ную поэтическую «эмоцию» впечатление, которое она оставляет, что простительно увлечься в сторо­ну. Это простительно еще и потому, что о каждой из бальмонтовских книг в отдельности писать по существу нечего. Все эти книги похожи, все про­должают одна другую. Писать можно только о Бальмонте вообще. 
Подчиняясь все же законному читательскому требованию, скажу, что новая книга Бальмонта называется «В раздвинутой дали», а в подзаголов­ке указывается, что это «поэма о России». Я добро­ совестно искал в книге поэмы, но, к сожалению, ее не нашел. Помещено в ней множество стихо­творений на самые различные темы. В одних упо­минается Россия, описывается или, вернее, сла­вится русская природа. Другие стихи никакого отношения к России не имеют. 
Общее содержание книги — пантеистическое, как и всегда у Бальмонта: растворение божества в мире. Но не только Бог и природа — одно. Поэт и природа — тоже одно. Бальмонт пишет о зорях и закатах, о луне и звездах, о ветре и жаре, как о самом себе. Но после всего, что в России случилось — не с русскими реками и лугами, а с Россией, — эти славословия читаешь с недоумением. Все — преж­нее. Поэт «как ни в чем не бывал». Русь васнецовско-билибинская. Можно позавидовать Бальмон­ту, что для него временное и преходящее имеет так мало значения, и что существует для него толь­ ко вечное — только природа. 


­ 
";1930
Петр I;"Но в то же время нет и человека, который тут же не признал бы: какой талант! И действитель­но, — какой огромный, живой «Божьей милостью» талант! Его с излишком хватило бы на добрый десяток иных благонамеренных беллетристов с постоянством в убеждениях и тщательностью в работе. Толстой почти всегда пишет «спустя рука­ва». Порой, — если вдохновение отсутствует, — это приводит его к вещам плоским и фальшивым, бесспорно «халтурным», как многое из того, что он написал и напечатал в последние годы. Но когда Толстой своей темой увлечен, он без всякого уси­лия, одной только силой своего чудесного дарова­ния достигает блестящих результатов. 
Таков новый роман его — «Петр I». Пока вы­ шел только первый том его, продолжение же печа­тается в московском «Новом мире». Читая началь­ные главы романа, я думал, что детством и юностью Петра Толстой и ограничится. Роман, может быть, не будет очень глу­бок по мысли и анализу: этого a priori трудно ждать от Толстого. Но уже и сейчас можно сказать, что в живописном отношении он предельно ярок, и не­ которые эпизоды петровской истории в памяти тех, кто прочтет роман Толстого, останутся навсегда врезанными именно в его, толстовском освещении. Алексея Толстого невозможно, конечно, сравни­вать с другим Толстым — со Львом. Но одну особен­ность дара — именно эту исчерпывающе-характерную образность в рассказе — он от своего великого однофамильца унаследовал. 
Никакой сусальности и стилизации в передаче ее. С первых же страниц есть в романе подлинная жизнь. Богатство и сложность материала мешают автору вести стройное повествование, и он дает картину за картиной, объединяя их не столько внешней связью, сколько внутренней общностью. 
в изображении которого, пожалуй, сильнее всего сказался талант Толстого... Жаль, что в эпизоде стрелецкого бунта Толстой ограничился лишь началом его — Если Толстой продолжит и окончит своего «Петра» с тем же блеском, с каким написаны первые главы ро­мана, — роман этот будет одним из замечатель­ных произведений нашей новой литературы. 
Но повременим еще с окончательным сужде­нием. Отметим лишь многообещающее начало. 

";1930
Рассказы В. Катаева;"Одних прельсти­ а в «Растратчиках» легкость и занимательная злободневность действия, других — безошибоч­ная внутренняя правдивость этой повести, при­родный дар «жизненности», который чувствовал­ся у автора. Если о достоинствах повести можно было спорить, то в талантливости Катаева сомне­ваться было нельзя. 
После «Растратчиков» вышел сборник юмори­стических рассказов Катаева «Птички певчие». Это было большое разочарование. Осо­бенно вредило катаевской юмористике то, что она была похожа на Зощенко и при этом была лише­на острой зощенковской грусти, поэтической прелести лучших его рассказов. Они не всегда были удачны, но опять — как в «Растратчиках» — пленяла в них «непо­средственность», «свежесть» катаевского дарования, зоркость его взгляда, меткость его речи. Едва ли Катаев юморист. Если он сам себя таковым счи­тает, то, по всей вероятности, ошибается: его юмо­ристические вещи неизмеримо грубее других,  Катаев, наоборот, стремится потешать, не имея к этому призвания и не имея в себе того та­инственного элемента, которым смех «облагоражи­вается». Но обещание, данное в «Растратчиках», он, по-видимому, сдержит. 
Недавно берлинское издательство «Книга и сцена» выпустило сборник рассказов Катаева, на­ писанных в разное время. Сборник называется, по заглавию первого рассказа, — «Отец». Это одна из самых живых книг, которые в последние годы на русском языке появлялись. Как всегда бывает, собранные вместе вещи одного автора выиг­рывают в значительности и характерности. То су­щественное, то личное, что в них есть, повторя­ясь из рассказа в рассказ, становится более ощу­тимым. 
Катаев — подлинный художник. Удивитель­но, что будучи совсем чужд новейших формаль­ных «исканий» некоторых молодых русских про­заиков (здешних и советских), оставаясь учеником Толстого и еще не освободясь от влияния Бунина, Катаев очень часто достигает впечатления но­визны, притом новизны именно формальной. Оче­видно, круг толстовско-бунинских творческих при­емов еще не сомкнут, поле еще не все вдоль и по­перек обработано. Никаких признаков эпигонства в Катаеве нет, хотя теоретически они должны были бы в нем быть. 
Его основной чертой является глубокое чутье, «интуиция» жизни, страстная жадность к ней. В нем нет ничего рассудочного, умышленного, и  мне представляется, что Катаев должен быть бо­лее даровит, нежели умен. Прирожденный такт очень талантливой натуры позволяет ему большей частью выйти из положений, где самым верным проводником явился бы разум. Но случается, что в каком-нибудь «идейном» рассказе нашего авто­ра выручает только многоточие, только лирика... Он чувствует, что надо что-то сказать, но не знает что. Типично для Катаева и отсутствие развития в его рассказах. Один момент, один «разрез» чело­веческого существования ему доступен во всей его полноте. Он схватывает и передает его с восхити­тельной отчетливостью, даже если есть в этом моменте большая психологическая сложность. Но этим он, собственно говоря, и ограничивается, и если при­делывает к своим рассказам завязки и развязки, то лишь потому, что этого требуют установленные каноны литературного мастерства. 
Наиболее интересны в книге рассказы «Отец», «Опыт Кранца» и, в особенности, «Огонь». НОн знает только настоящую, не схематическую жизнь, где все сплетено и спутано. В «Отце» — рассказ, который мало кто прочтет без волнения, хотя в чисто литературном отношении он чуть-чуть сыроват, —Другие рассказы родственны этим же темам. Некоторые из них очень хороши. Не сомневаясь больше, надо причислить имя Катаева к именам тех шести-восьми молодых русских писателей, которые пишут не потому только, что у них есть перо, чернила и бумага, а потому, что, действи­тельно, «не писать они не могут». 
­ 


";1930
«Форель разбивает лед» М. Кузмина;"Кузмин всегда оставался самим собой — талантливейшей и сложной натурой, личностью, которая могла бы стать поистине замечательной, если бы... трудно, в сущности, сказать, что «если бы». Сказать, что не было в Кузмине стержня, не было «костяка» — диагноз будет слишком общим, а едва ли к Кузмину что-либо общее применимо. Остановимся лишь на том, что «чего-то» чрезвы­чайно важного, чрезвычайно необходимого Кузми­ну не хватало, и потому с годами почти все им написанное распылилось, обветшало... Перечитывая теперь его изысканно-небрежную прозу, его томные стихи, мы не без некоторого недоумения ищем в этих книгах того, что так восхищало когда-то Вячеслава Иванова и Брюсова, Анненского и Блока. И не всегда находим. 
Стихи его возникли случайно, и «пафоса неизбежности» в них нет. Но благодаря тому, что Кузмин был человеком ред­костным по своеобразию и законченности, и еще потому, что обратился он к поэзии в зрелости, ему удалось оставить в книгах своих — то здесь, то там — какой-то неизгладимый след своей души, своего сознания, — несколько строк, десять или пятнадцать небольших стихотворений, прелестных и как бы беспомощных, жалких и очаровательных. Кузмина не интересовала словесность как нечто целое, создаваемое общими трудами, тради­циями, преемственностью. Он хотел своего голо­са, пусть даже только «голоска», но своего — и этого он добился. Душа в его стихах осталась: детски-мудрая и в то же время испуганная, расте­рянная. Между прочим, надо сказать, что Блок, который Кузмина высоко ставил и очень ценил, по-видимому, остро ощущал в Кузмине беспомощ­ность или, лучше сказать, беззащитность, хруп­кость, как основную его черту. Вот уже десять лет как его поэзия резко измени­лась: вместо прежних «прозрачных» стихов он пишет теперь стихи нарочито-невнятные, деланно­ исступленные, обманчиво-мощные, полные криков и выкликов; вместо «прекрасной ясности», им же самим когда-то провозглашенной, он искусственно и намеренно все в своих стихах сбивает и затемня­ет... Достигается этим немногое. как бы ни были они мастерски написаны, они холоднее и фальшивее их. 
Стихи в книге по­ чти все сплошь «мажорные»: восторженное сла­вословие бытию, хотя бы и трудному, существова­нию, хотя бы и скудному. Кое-что напоминает прежнего Кузмина — по легкости, по грации и той подлинной стилистической утонченности, которой во всей нашей новой поэзии, пожалуй, один только Кузмин и достиг. Другое — не то что слабое, но претенциозное, и потому удивляет и даже иногда раздражает. Конечно, звук слаб и однообразен, темы коротки, кругозор тесен. Ничего похожего на какую-либо тайну здесь и «не ночевало». Но в этой поэзии есть лучистая «тепловая энергия», есть благоволение к миру и ко всему живому, — и, по-видимому, это ее свой­ство неистощимо, потому что в новых стихах Куз­мина оно стало заметнее, чем прежде. 



";1930
«Болтовня» Л, Овалова;"
В том, что Овалов человек, действительно, та­лантливый, сомнений нет. С первых же страниц его повести в этом убеждаешься. Она своеобразно написана, полна движения, и в быстрой смене картин автор обнаруживает наблюдательность и умение рассказывать. Но к бойкому и живому по­вествованию пригнана убогая, трафаретная идей­ ка, и это книгу губит. 
Записки ведет старый рабочий, наборщик. Иро­нически он свой дневник и называет «болтовней». 
Если бы не многочисленные и, по-видимому, правдивые «зарисовки» теперешней московской жизни, повесть не стоило бы читать. Ради них приходится примириться и с глупым ее заклю­чением. 

";1930
«Единый фронт»: новый роман Эренбурга;"
Пока «ритм современности» действует, суще­ствует и нечто многотомное, многословное, име­нуемое «творчеством Эренбурга». Но, увы, «рит­мы» недолговечны, капризны. Самые восторжен­ные читательницы, которых нынче новая книжка Эренбурга влечет, как некий моднейший коктейль, горько-сладковатый, пряный, пьянящий и ост­рый, — самые восторженные читательницы отвер­нутся от него, когда им объяснят, что коктейли больше не в моде. Ведь вот даже последняя его книга «Единый фронт», помеченная «январь-июнь 1930», успела устареть. Но он пишет именно для тех, кто пола­гает, что теперь и в литературе необходимо стре­мительное действие, ежеминутная смена картин, и что в этом, главным образом в этом, искусство теперешнее отличается от искусства прежнего. Книга лишена последовательной фабулы. Она вся состоит из отдельных «зарисовок», иллюстри­рующих подготовку противосоветского единого фронта. Кончается она многозначительно и выразительно.
На это нечего отвечать. Каждый видит то, что хочет видеть, что может разглядеть. Главная вина Эренбурга та, что он лжет самому себе: он притво­ряется ограниченным и тривиальным наблюдате­лем, не будучи им. Кто написал главу о старом журналисте Лавале, не может не понимать пусто­ ты или фальши остальных глав «Единого фрон­та». Но писателя, как и всякого человека, нельзя судить по тому, о чем он молчит. Его оценивают по тому, что он говорит. 



";1930
«Волга впадает в Каспийское море»;"Каким этот писатель был, та­ким и остался. По-прежнему в его путаной и та­лантливой голове революция сплетается с романтикой, все так же чужд ему трезвый, прозаический дух теперешнего «строительства». Но «про­изводство» или «строительство» приемлемы для Пильняка вовсе не сами по себе, а лишь потому, что в них ему чудится «размах тех годов», «воля и вдохновение незабываемой юности революции» Оно сложно, и усложняется еще той манерой повествования, которая свойственна Пильняку: автор все время «сбивает» ход фабулы, обрывает диалоги где придется и возвращается к ним через несколько страниц... То здесь, то там в изобилии попадаются лирические отступления Передать связно содержание «Волги» трудно. Но пытаясь это сделать, я лишь указал на глав­ные фигуры романа. Пресловутое  «Красное дерево», наделавшее столько шума, впле­тено в роман как эпизод и со своими шкафчика­ми буль и жакоб, с бисерными кошельками, с юродством и уродством, со всяческими своими странностями эту борьбу оттеняет. Нельзя сказать, чтобы тема была поставлена оригинально. Еще меньше, чем ориги­нальности в ее постановке, отчетливости в ее раз­решении. «Волга» написана так, как будто у авто­ра все время была температура не ниже сорока градусов. Нарочитая, безудержная «достоевщина» всех диалогов такова, что они становятся похожи на бред и как бред неубедительны. Притом все ге­рои Пильняка говорят совершенно одинаково — и в том же складе и тоне прерывает их автор, чтобы самому высказать нечто довольно сырое, довольно вялое, двусмысленное, чувствительное и расплыв­чатое о России и революции. Несмотря на все это, роман талантлив. Это лите­ратура претенциозная и неудачная, но все-таки — литература: в «Волге» есть личность, есть замы­сел, есть ритм, т. е. жизнь. Интересна его книга потому, что это книга искренняя и в теперешних советских литератур­ных условиях бесстрашная. Дух ее — воинст­вующий. Пильняк пытается все старые человеческие «чувства» отстоять, надеясь, очевидно, что могут быть и волки сыты, и овцы целы. 


 
­ 
";1931
«Угар» Д. Фибиха;"«Угар» — если не ошибаюсь, первый роман молодого московского беллетриста Даниила Фиби-ха. Вместе с несомненными литературными спо­собностями начинающий автор обнаружил в этом романе и не менее несомненную «ловкость рук». Дело в том, что в «Угаре», собственно говоря, два романа. Один — очень бойкий, заниматель­ный, картинный, с налетом уголовщины и мно­жеством эффектных подробностей, другой — казенно-добродетельный, условный, схематический, нужный, по-видимому, только для прикрытия и оправдания основного повествования. 
«Угар», вероятно, будет иметь успех у так называемого «среднего» или «рядового» читате­ля. Книга написана очень живо, местами очень правдиво. Кстати, как и у Пильняка, название может ввести простодушных людей в заблуждение. «Угар» —


";1931
«Соть» Леонида Леонова;"«Вор» был огром­ным обещанием. Забегая вперед, скажу сразу, что новая вещь Леонова «Соть» разочаровывает. Обе­щания автор пока не сдержал. Но, может быть, в «Воре» Леонов уже весь выговорился, может быть, эта книга и есть его «свершение», после которого мы от автора не вправе ничего больше требовать, и болтаем мы теперь о неоправдавшихся надеж­дах лишь по привычке. Не думаю. Основное впе­чатление от «Вора» сводится к тому, что он напи­сан начерно. Эта книга — незабываема, труднозабываема во всяком случае, по «страсти и мучению», вложенному в нее, по размаху, блеску и даже глу­бине некоторых страниц. Это, в сущности, — един­ственная из всех написанных за последние годы книг, которая, внутренне апеллируя к Достоев­скому, выдерживает воспоминание о нем, не рас­сыпается в прах при отдаленном сравнении с «Бесами» или «Карамазовыми». Но в «Воре» постоянно чувствуется, что в авторе его еще не все перебродило. Роман декоративен, цветист, громоз­док, в нем есть склонность к «фразе», а за фразой в нем есть фальшь. В «Воре», напи­санном «как из ведра», при гораздо большем богат­стве больше и мусора. Правильнее всего сказать, что роман этот дает Леонову право на отсрочку и что, нисколько не колебля в нас убеждения в исклю­чительной одаренности автора, он ничего нового о нем не говорит.Роман написан если и не на заказ, то все же под давлением тех лиц и настроений, сил и веяний, которые ныне литературой в России управляют. Бесспорно, главнейшая причина разочарования в этом и лежит. Леонов спустился с тех «вершин», на которых — худо ли, хорошо ли — он держался в «Воре», на гладкие полянки «производственной беллетристики», где героем является не столько человеческая душа, сколько какой-нибудь турбогенератор. Но он притворился убедившимся, поверившим, он надел общеобязательную маску благопристойности, и ко­гда «Соть» читаешь, становится за автора обидно. Некоторые темы «Вора» Леонов продолжает  в «Соти». Но делает это он бегло, торопливо, тай­ком. Наоборот, о пролетарском энтузиазме повест­вует красноречиво и внятно, явно подчеркивая, что это в романе и есть самое существенное. Разочаро­вание, которое приносит «Соть», есть прежде вс­ го разочарование в характере Леонова. Но чувство горе­чи остается; 
Талантливость Леонова, повторяю, обнаружи­вается и в «Соти» с исключительной силой. Ого­ворюсь, что на мой вкус у него неприятная, вити­еватая, слишком «литературная», часто безвкус­ная манера писать. Первые страницы читаешь не без раздражения... Но уже Через полчаса чтения с автором не споришь, ему ни в чем не возражаешь. Он берет читателя «за жабры», как выражаются в просторечий. все мало-помалу оживают под пером Леонова — и та же таинственная, подлинная, ничем не разложи­мая жизнь возникает всюду, что бы Леонов ни описывал и о чем бы ни говорил. Но в процессе писания, касаясь людей, изображая их, застав­ляя их говорить и действовать, он не мог не «вдох­новиться», и упражнение на заданную тему у него само собой, помимо его воли, может быть, превра­тилось в настоящее творчество. 
Вот в нескольких словах схема «Соти». Роман развивается гладко и медленно, без обычного леоновского напряжения. Напряжение есть только в некоторых разговорах — как, например, в том, который я цитировал, — но оно не воплотилось в образы, не вошло в «плоть и кровь» романа. Лео­нов промолчал в «Соти» о всем том, что — судя по предыдущим его произведениям — больше всего его занимает и волнует. «Соть» — не то, далеко не то, чего от Леонова мы ждали. Но это все-таки книга замечательная, — и во всяком случае не разубеждающая нас в том, что по силе даже у Лео­ нова среди молодых русских романистов сейчас почти нет соперников. 

 


 
";1931
«Бруски» Ф. Панферова;"Вот книга, которая за все время существования советской литературы имела наибольший официальный успех. Если бы теперешняя советская печать выражала общественное мнение страны, сле­довало бы сказать: вот книга, о которой говорит вся Россия. 
На этот счет двух мнений быть не может: роман малоинтересен. Действительно, иной средний «пролетарский» ро­ман, о котором никаких толков не слышно, быва­ет как произведение художественное удачнее се­рых, тягучих, бескостных панферовских «Брус­ков». Талант у Панферова, по-видимому, есть, но состояние этого таланта самое первобытное, самое сырое. В настоящем своем виде — это только материал для будущего художественного произведения. Материал значительный и любопыт­ный. Однако если некоторые советские критики утверждают, что «у наших врагов “Бруски” исторг­ нут вопли ярости, разочарования и злобы», то они ошибаются. Как всякий сырой материал книга Панферова оставит даже самых впечатлительных врагов большевизма спокойными. Им будет скуч­но эту книгу читать — за это я ручаюсь. Но ника­ких воплей она у них не «исторгнет». 
В «Брусках» очень подробно и кропотливо изо­бражена жизнь современной русской деревни. В ро­мане — огромное количество действующих лиц. Характеристики их, за несколькими исключения­ ми, расплывчаты, повествовательной связи меж­ду их поступками мало, и в целом роман Панфе­рова сливается в какую-то «толчею», в которую автор тщетно пытается внести порядок. Не слу­чайно Панферов обещает продолжать свои «Бруски» чуть ли не бесконечно. Почему бы, действительно, ему и не продолжать их? Замысла в романе нет. Есть только описание, изображение. Замысла в романе нет. Но, разумеется, есть в нем тенденция. В самом общем виде тенденция эта может быть выражена словами: «от мрака к све­ту». Конкретно же в панферовском «оформлении» (другое сомнительное словечко, полюбившееся советским журналистам) мрак соответствует инди­видуальному ведению крестьянином своего хозяй­ства, а свет — переходу в колхоз. Причем же тут пресловутая «генеральная линия»? — спросит читатель. Притом, что в изображении всех перипетий перехода к «коллективизации» Панферов руководствовался указа­ниями власти и демонстрировал, к каким гибель­ным последствиям приводит уклонение от этих указаний, как благодетельно, наоборот, их проведе­ние в жизнь. Надо сказать, что разбор «Брусков», по существу, выходит за пределы литературной критики: критику здесь должен был бы помочь агроном. Но то, что рассказывает Панферов о на­ строениях современной деревни, ценно и даже заме­чательно. Панферов ничего не выдумывает, да и не мог бы он выдумать столько положений, взаимоот­ношений, фактов, типов, лиц: это, несомненно, за­писи «с натуры». Из этих записей плохо склады­вается роман, — и «Бруски», повторяю, плохой роман, — но сами по себе записи интересны. 
Кирилл — фигура довольно ходульная. Но в рассказе о тех, кто его окружает, есть наблюдательность и правдивость. Качества эти Панфе­ров мог бы, пожалуй, использовать в ряде очер­ков лучше, чем в романе, но «Бруски», в сущно­сти, на ряд очерков и распадаются. 
Во всех книгах, приходящих к нам из России, сквозь их условность и казенщину одно чувству­ется несомненно и неизменно: Россия перерожда­ется, она не та, чем была, и такой, как была, уже не будет... Это утверждение отрицательное. Утверж­дать что-либо положительно — какой она будет — еще слишком рано. Но всякий материал, увели­чивающий основательность наших догадок, ценен. В «Брусках» такого материала — изобилие, и ка­сается он основного слоя русского народа. Как документ осведомительный, «Бруски» — книга первостепен­ной важности.




";1931
«Последний из Удэге» А. Фадеева;"Мне кажется даже, что это единствен­ный действительно даровитый у них человек. в нем пробуждается художник — честный и зоркий. Не так давно я писал о Либединском и его теории «живого человека». но роман увлекателен и для людей с еще свободным рассудком. Была в романе настоящая жизнь, и как жизнь допускает всегда и везде раз­ личные «точки зрения», Фадеев же интересен всякому, кого интересует жизнь. В его умной и ясной книге было заключено свидетельство об эпохе 
и о людях данной эпохи. 
Предисло­вие ничего хорошего не обещает. Но роман хорош. Опять — как и после «Разгрома» — создается впе­чатление, будто Фадеев-теоретик, партийный дея­тель, член всяческих президиумов во всевозможных Раппах и Маппах, автор всяческих резолюций, — это один человек, а Фадеев-художник — совсем другой. Не знаю, насколько впечатление соответствует действительности, не берусь решить загадку. Но подчеркиваю еще раз, что Фадеев — подлинный писатель. 
Но это мнение не мешает ему изображать мир и человека правдиво — и не заставляет его заменить искусст­во трафаретом. 
Интересный и талантливый роман этот еще не окончен. Вышла отдельной книгой его первая часть. Дальнейшие главы печатаются в журнале «Ок­тябрь». 



";1931
«Зависть» Юрия Олеши;"Книга эта обращена к мысли, а не к чув­ству, она не волнует и может не нравиться, но неизменно удивляет, принуждает думать и, во вся­ ком случае, запоминается. Книга написана с ред­кой и счастливой стилистической отчетливостью, и так же отчетливо поставлена в ней тема. До известной степени это так, — и не случайно, а намеренно автор начал свою книгу со сцены откровенно физиологической, из тех, которые до сих пор в литературу не попадали. Но неприязнь в данном случае надо преодолеть: книга стоит того. Она чрезвычайно умна. Она дает своеобразное объяснение тому, что происходит сей­час в России и в мире, — и если объяснение это односторонне и чуть-чуть схематично, то нельзя все таки ему отказать в глубине. Я не думаю, чтобы  «Зависть» являлась перворазрядным художествен­ным произведением: нет, большой творческой силы в книге этой не чувствуется. Это бесспорная лите­ратурная «удача», в том смысле, как удачными надо назвать новеллы Бабеля и даже некоторые вещи Федина, — однако удача здесь происходит от срав­нительно бедного, малокровного (и, повторяю, схема­тического) ощущения жизни, от отсутствия боль­шого сопротивления в творческом материале. Интересен в «Зависти» замысел и прихотли­вое, искуснейшее развитие его.
И нет другой русской книги сейчас, где вопрос о человеке был бы поставлен автором с большей прямотой и резкостью. 
Глубокой двусмысленности ее, именно в разреше­нии темы. Если бы попытаться выяснить, что «хотел автор сказать» в данной вещи, то вывод, пожалуй, получился бы не совсем тот, который делается в московских журналах. Не надо для этого читать между строк: достаточно читать текст Олеши без предвзятой мысли, будто победители всегда пра­вы. «Горе побежденным», — говорит Олеша, — это действительно так. Но он добавляет другое, чего в Москве не поняли или не захотели понять: «слава побежденным». 


";1931
Величие и падение Андрея Полозова;"Я имею в виду «Величие и падение Андрея Полозова», повесть Як. Рыкачева, помещенную в майской книжке «Нового мира». Это — замеча­тельная вещь, одна из самых интересных в совет­ской литературе за последние годы. 
Он придумал его потому, что по старой литературной традиции ему захотелось «наказать порок». На деле множество Полозовых всех видов и толков продолжают успешное восхождение по советской лестнице. Их често­любие не так болезненно, они вполне довольны и советской славой. 
Это умное, сухое, насмешливое жизнеописание одного из «героев нашего времени» лишено каких бы то ни было беллетристических украшений. Но в неотвратимой логичности и правдивости своей оно увлекательнее любого романа. 
 




";1931
«Черное золото» А. Толстого;"Роман, говорят, имеет в России большой успех. Не у критики, конечно, — у читателей. Алексей Тол­стой — очень ловкий человек, из тех, что «не про­ падут» нигде, ни при каких условиях. Он блес­тящий, тонкий и сильный художник, — когда благоволит им быть. В «Черном золоте» он не со­ благоволил. Ему хотелось только написать что-ни­ будь побойчее, позанятнее, повыгоднее. 
Роман, впрочем, не так плох, как оценили его советские рецензенты, — и мельком отозвались о нем некоторые здешние критики. Талант все-таки дает себя знать. Замысел «Черного золота» отда­ленно напоминает последние сочинения Эренбур­га — «Единый фронт», «Фабрика снов» и другие — по тому же желанию упрощенно и схематически представить всю мировую политику как результат соглашения или ссоры двух-трех капиталистичес­ких «акул». Но именно это сравнение с Эренбургом оказывается чрезвычайно выгодным для Тол­стого. у этого все — «как из ведра», и порой образы живые и яркие возникают из ничего, буд­то сами собой Здесь Толстой неподражаем. Были бы неподража­емые главы и страницы и в «Черном золоте», если бы только роман этот не был написан так ужасающе небрежно. Он почти сплошь состоит из диа­логов. Предложения не заканчиваются, а обрывают­ся... спасительное многоточие выручает вовремя. Попадаются и простые безграмотности. Наконец, даже в фабуле есть несуразности, объяснимые толь­ко торопливостью автора. 
Пересказывать содержание «Черного золота» — излишне. Содержание в этом романе не играет никакой роли. Имеется только «широкое полот­но», на котором грубо и размашисто изображены персонажи — то вымышленные, то подлинно су­ществующие, некоторые даже с историческими именами.
Это, конечно, шарж, — но не лишенный остроты. Толстой метко описывает то, что лично ви­дел или слышал. В кабинетах нефтяных королей он, вероятно, не бывал и с вершителями европей­ских судеб не беседовал: здесь ему только лубок и по силам. 
Толстой способен продолжать рассказ об их похождениях без конца, — как и оборвать его, где вздумается. Но следовало все-таки предупредить читателей, что роман выпущен в сокращенном виде. 

";1931
«В солнечном доме» Н. Чуковского;"Ореол новизны и прозорливости, создавшийся одно время вокруг критической деятельности Корнея Чуковского, в те годы уже сильно померкнул. У него талант, может быть, и не крупный, еще сыроватый, но настоящий, — в теперешних советских условиях кажущийся слег­ ка старомодным по склонности к лиризму, по спо­собности волнения. 
Сборник рассказов «В солнечном доме» — кни­га с несомненными достоинствами. Если бы автор избавился от пристрастия к некоторым литератур­ным клише и условностям, — от ошибок вкуса в особенности, — было бы совсем хорошо. К сожа­лению, он любит искусственно-страшный стиль «городских рассказов». А в действительности это штамп, литератур­щина, привычная беллетристическая завитушка, давно уже ничего не значащая. Но подобные ме­лочи не умаляют значения книги. 
В ней приятно, прежде всего, отсутствие под­лаживания к цензуре или критике В книге много юмора, свежести, чувства, какой-то неподдельной, исчезающей «голубогла­зой» восторженности. 
Лучше всех других, пожалуй, рассказ «Суе­та» Отноше­ния их сложные, в фабуле кое-что анекдотично. Есть, повторяю, погрешности. Но в общем рассказ целен, своеобразен и правдив. 
Как большинство писателей, Николай Чуков­ский начал со стихов. Едва ли стихи — его подлин­ное дело. В прозе ему удается больше сказать. 

";1931
«Гидроцентраль» Мариэтты Шагинян;"
Произведение это очень серое и очень скучное. Каюсь, пока «Гидроцентраль» печаталась в одном из московских журналов, я несколько раз пробовал читать ее, но тщетно: сохранить в памяти от номе­ ра к номеру всю эту толчею лиц, слов и действий, всю эту бескостную путаницу, всю эту «кашу» бы­вало невозможно. А перечитывать роман каждый раз с начала казалось незаслуженным наказанием. Но все- таки чтение романа Мариэтты Шагинян — занятие томительное, и если «Гидроцентрали» мы должны уделить внимание, то лишь по внешним причинам, или, как говорится, «в порядке осведомления»: хочется сказать: не она первая прислуживается, не она последняя.Можно ведь было грубо польстить пролетариату, но лесть недорого ценится... В этой вещи чрезвычайно проницательно и тонко была разобрана «техника подлаживания» и было показано, как сам «подлаживающийся» по­рой себя обманывает, как принимает прислужи­вание за службу. Более чем вероятно, что с Мари­эттой Шагинян произошло нечто подобное: на ложь грубую, примитивную ее писания не похожи. Кое- какие признаки того увлечения, о котором гово­рил Рыкачев, в них имеются и позволяют, вероят­но, автору перед самим собой оправдываться. Но в целом «приспособленчество» все-таки очевидно По существу же это несомненно так: казен­щина и в «Соти», и «Гидроцентрали» имеется, — однако не все ею исчерпывается, особенно в «Соти». она расчетливее, рассудоч­нее и что, судя по ее возрасту и ее прошлому, со­вершившийся в ее сознании «перелом» представ­ляется скорее всего плодом долгих размышлений на тему, какую позицию занять и какого рода книгу написать Предупредив, что «Гидроцентраль» сама по себе не представляет ценности, я воздержусь от обстоятельного разбора книги и пересказа ее содер­жания. Роман интересен только как явление, ха­рактерное для партийно-советских настроений, — характерно даже самое название его, подчеркива­ющее, что речь идет не о каких-либо чувствах, «сдан­ных в архив», а о вещах практически полезных. 
Кое-где 
«чувства» пробиваются все-таки. Но автор их с должной суровостью подавляет, обрывает неумест­ные разговоры или признания на полуслове и вновь переходит к бетону или вопросу о сдельщине. Опасения основательны. В России за последнее время стали поговаривать о «фетишизации техни­цизма» — и справедливо стали указывать, что к ней склонны вовсе не подлинные рабочие или тех­ники, а только «интеллигенты» и «идеологи», желающие рабочим угодить. Мариэтта Шагинян, по­ жалуй, переусердствовала в этом отношении. Как бы ни превозносили ее роман «руководящие това­рищи», можно быть уверенным, что в «массы» он не проникнет. «Глаза слипнутся», как предвидит автор. 
Есть в романе диалог, где в сжатом виде дана, так сказать, идея «Гидроцентрали»: это самые интересные страницы книги. Все остальное — тол­ ко иллюстрация к тому, что в этой беседе Шагинян пыталась выразить. Большевики должны быть признательны союзнице Мариэтте Шагинян за то, что она не только кропотливо изображает затеянного ими строительства, но и пред­ лагает довольно тонкую и хитрую философию в оправдание его срывов и неудач. 






";1931
«Линия огня» Н. Никитина;"
Писатель это средней, умеренной одаренно­сти, один из наименее даровитых «серапионов», в кружках которых начал свою литературную де­ятельность.Пьеса написана бойко. Поверхностное, внеш­нее движение в ней имеется. Однако с первых же страниц чтения все дальнейшее становится ясно. что это самое живое место в пьесе: 
";1931
Новые стихи Б. Пастернака;"Появление новых стихов Пастернака — всегда заслуживает пристального внимания. Тем бо­лее достойны его стихи, которые напечатаны были недавно в «Красной нови» и «Новом мире». 
Вещи эти принадлежат к удачнейшему, что Пастернаком написано. Они не только своеобраз­ны и остроумны по «фактуре», к чему Пастернак своих читателей давно приучил, — но и очень вы­разительны. Они напряженнее, хотелось бы сказать, «человечнее» прежних пастернаковских стихов. 
Родство с Игорем Северяниным не порок, хотя и не каче­ство: это просто свойство. 
Стихи, в целом, очень хороши. В особенности, — на фоне обычной советской журнальной по­эзии. Надо выделить, как самое замечательное — стихотворение о Шопене (последнее в «Красной нови»). Пастернак любит, по-видимому, музы­кальные темы. 
Все есть в его стихах: исключительная изоб­разительность, изысканное и сложное мастерство, ум, талант... Сравнительно мало как раз того, о чем Пастернак так часто пишет: музыки. «Все то, что отняла у нас жизнь, возвращает нам музы­ ка», — по Ницше. О Пастернаке этого не скажешь. Оттого иногда от одной косноязычной и тяжелой строфы Осипа Мандельштама обвороженной, окол­дованной памяти и сознанию труднее освободить­ся, чем от целого его блестящего стихотворения. 
";1931
Воронский;"
Пока партия была занята исключительно де­лами военными или хозяйственными, литература ускользала от ее внимания. ППоявление Воронского в советской печати надо понимать или как последнюю «судорогу свободы» в ней, или, может быть, как луч «новой зари»... Факт это, во всяком случае, показательный. Его смысл и значение в том, что он вскрывает невоз­можность, — при современных советских настрое­ниях — гегемонии промежуточных, авербахо-рапповских взглядов: надо или добить, додушить сво­боду, или дать ей жить. Есть, по-видимому, среди советских литературных деятелей и представите­ ли второго мнения. Если многие «ошибки» мос­ковских издательств и редакций и объясняются отсутствием внимания с их стороны, то внимание к Воронскому, несомненно, было. 
Вещи, им напечатанные, сами по себе малозамечательны. Художественного дарования у Во­ронского нет. Ни новеллы, помещенные в «Новом мире» и «Ленинграде», ни большая повесть «Глаз урагана» не представляют самостоятельной ценно­сти. Но как выражение некоторых взглядов Во­ронского, они любопытны: в них слышатся те же отзвуки толстовства и бергсонианства, чувствует­ся тот же «биологизм», тот же страстный интерес к человеку, — к той человеческой личности, которая не всегда согласна быть только «классовой категорией». 
";1931
«Июнь-Июль» А. Митрофанова;"Такова повесть Митрофанова «Июнь-июль». Книга талантлива, по теме своей она остра и значи­тельна. В повести его, действительно, схема соот­ветствует наивно-добродетельному построению по­чти всех произведений «мобилизованных» авторов, т. е. развивается по схеме «от мрака к свету», как постоянно бывает у писателей слабой культуры. «Июнь-июль» — вещь до крайности двусмысленная. «Увязка» Мит­рофанову удалась, во всяком случае, не вполне, — а вот недоверие живого и внутренне свободного человека к всеразъясняющим формулам он пере­дал отчетливо.Замечание вызывает усмешку. Думаю, что усме­хаемся не только мы, читая его, — усмехнутся с горь­ким недоумением и многие там, в советской Рос­сии. Митрофанов очень проницательно ставит во­просы в «Июне-июле», но дает очень слабые ответы. 
Основное «мироощущение» в этой интересней­шей книге: жизнь развивается сама по себе, тео­рия, пытающаяся ее «вобрать», — тоже сама по себе. Связи нет... Автор не доверяет рационализ­му вообще. Надо заметить, во всяком случае, что для спора Митрофанов дает новый и подлинно продуманный материал. 
Да и написана книга своеобразно. Несомнен­но, автор ее наделен глубоким «чувством приро­ды», никому и ничему не подвластной, ни с кем и ни с чем не считающейся. 

 
";1931
Новые рассказы И. Бабеля;"Имя Бабеля снова стало мелькать в советских журналах, — после долгого перерыва. Новые его рассказы не разочаровывают: они так же умело написаны, как и прежние, проникнуты тем же печальным, сдержанным, едким, хочется сказать «терпким», лиризмом. 
Несколько лет отдыха, — а, по существу, может быть, только раздумья, вына­шивания замысла, подготовки и приближения к высокому и ответственному делу творчества, тот пустячок, в сущности, удивительная вещь, почти шедевр, по­чти — если бы не заключение, будто смазанное, недописанное. Рассказ напоминает лучшие вещи Мопассана по какой-то беспощадной зоркости и умению найти слова, простые, короткие и неза­менимые. 
Нет, Бабель не выдохся. Он остается одним из одареннейших писателей, живущих в России, и, может быть, самым опытным мастером среди них. 

";1931