Author;Society
Муравьев Н.М.;Арзамас
Давыдов Д.В.;Арзамас
Батюшков К.Н.;Арзамас
Тургенев Н.И.;Арзамас
Пушкин В.Л.;Арзамас
Жихарев С.П.;Арзамас
Воейков А.Ф.;Арзамас
Вигель Ф.Ф.;Арзамас
Блудов Д.Н.;Арзамас
Полетика П.И.;Арзамас
Кавелин Д.А.;Арзамас
Северин Д.П.;Арзамас
Орлов М.Ф.;Арзамас
Жуковский В.А.;Арзамас
Пушкин А.С.;Арзамас
Уваров С.С.;Арзамас
Плещеев А.А.;Арзамас
Дашков Д.В.;Арзамас
Тургенев А.И.;Арзамас
Анастасевич В.Г.;ВОЛРС
Аничков И.К.;ВОЛРС
Арапов П.Н.;ВОЛРС
Баратынский Е.А.;ВОЛРС
Бестужев А.А.;ВОЛРС
Бестужев Н.А.;ВОЛРС
Боровков А.Д.;ВОЛРС
Боровков И.Д.;ВОЛРС
Бриммер В.К.;ВОЛРС
Булгарин Ф.В.;ВОЛРС
Висковатов С.И.;ВОЛРС
Воронов Д.И.;ВОЛРС
Гарижский И.А.;ВОЛРС
Гевлич А.П.;ВОЛРС
Гельд де И.Ф.;ВОЛРС
Глинка Ф.Н.;ВОЛРС
Гнедич Н.И.;ВОЛРС
Греч Н.И.;ВОЛРС
Грибоедов А.С.;ВОЛРС
Григорьев В.Н.;ВОЛРС
Дельвиг А.А.;ВОЛРС
Дмитриев М.А.;ВОЛРС
Дуроп Ал.К.;ВОЛРС
Дуроп Ан.К.;ВОЛРС
Загоскин М.Н.;ВОЛРС
Измайлов А.Е.;ВОЛРС
Ильин И.И;ВОЛРС
Каразин В.Н.;ВОЛРС
Кеппен К.И.;ВОЛРС
Кеппен П.И.;ВОЛРС
Киреевский А.В.;ВОЛРС
Княжевич А.В.;ВОЛРС
Княжевич А.М.;ВОЛРС
Княжевич В.М.;ВОЛРС
Княжевич Д.М.;ВОЛРС
Княжевич Н.М.;ВОЛРС
Ковалевский Е.П.;ВОЛРС
Козлов И.И.;ВОЛРС
Кокошкин И.А.;ВОЛРС
Колошин П.И.;ВОЛРС
Коншин Н.М.;ВОЛРС
Корнилович А.О.;ВОЛРС
Корф М.А.;ВОЛРС
Кошанский Н.Ф.;ВОЛРС
Крылов А.А.;ВОЛРС
Кутузов Н.И.;ВОЛРС
Кюхельбекер В.К.;ВОЛРС
Лажечников И.И.;ВОЛРС
Лобанов М.Е.;ВОЛРС
Лобойко И.Н.;ВОЛРС
Лыкошин Я.М.;ВОЛРС
Любарский В.В.;ВОЛРС
Люценко Е.П.;ВОЛРС
Мартос А.И.;ВОЛРС
Меньшенин Д.С.;ВОЛРС
Никитин А.А.;ВОЛРС
Норов А.С.;ВОЛРС
Огинский А.Г.;ВОЛРС
Орлов Я.В.;ВОЛРС
Панаев В.И.;ВОЛРС
Папкович Ф.Ф.;ВОЛРС
Перевозщиков Д.М.;ВОЛРС
Плетнев П.А.;ВОЛРС
Пожарский Я.О.;ВОЛРС
Полевой Н.А.;ВОЛРС
Пушкин А.Н.;ВОЛРС
Рихтер А.Ф.;ВОЛРС
Розенмейер Н.И.;ВОЛРС
Рылеев К.Ф.;ВОЛРС
Салтыков С.П.;ВОЛРС
Сахаров Д.В.;ВОЛРС
Сенковский О.И.;ВОЛРС
Сомов О.М.;ВОЛРС
Сонин М.М.;ВОЛРС
Спасский Г.И.;ВОЛРС
Сухоруков В.Д.;ВОЛРС
Торсон К.П.;ВОЛРС
Туманский В.И.;ВОЛРС
Тучков С.А.;ВОЛРС
Федоров Б.М.;ВОЛРС
Федоров В.М.;ВОЛРС
Хвостов Д.И.;ВОЛРС
Цертелев Н.А.;ВОЛРС
Чебышев П.Н.;ВОЛРС
Чеславский И.Б.;ВОЛРС
Шаплет С.С.;ВОЛРС
Шидлефель Ф.Г.;ВОЛРС
Языков Н.М.;ВОЛРС
Шишков А.С.;Беседа
Оленин А.Н.;Беседа
Кикин П.А.;Беседа
Горчаков Д.П.;Беседа
Ширинский-Шихматов С.А.;Беседа
Крылов И.А.;Беседа
Державин Г.Р.;Беседа
Муравьев-Апостол И.М.;Беседа
Хвостов Д.И.;Беседа
Лабзин А.Ф.;Беседа
Баранов Д.О.;Беседа
Хвостов А.С.;Беседа
Голицын Б.В.;Беседа
Шаховской А.А.;Беседа
Филатов С.С.;Беседа
Марин С.Н.;Беседа
Соколов П.И.;Беседа
Захаров И.С.;Беседа
Политковский Г.Г.;Беседа
Дружинин Я.А.;Беседа
Карабанов П.М.;Беседа
Писарев А.А.;Беседа
Львов П.Ю.;Беседа
Тургенев Ан.И.;ДЛО
Тургенев Ал.И.;ДЛО
Жуковский В.А.;ДЛО
Мерзляков А.Ф.;ДЛО
Кайсаров А.С.;ДЛО
Кайсаров М.С.;ДЛО
Воейков А.Ф.;ДЛО
Родзянко С.Е.;ДЛО