name;content;year;;
По советским журналам;"Московским литераторам никак не удается завести у себя добропорядочный (хотя бы с их точки зрения) толстый журнал. При общесоветском стремлении затмить все прошлое, блеснуть неслы­ханными «завоеваниями» и «достижениями» эта неудача довольно примечательна. «Красная новь» или «Новый мир», или какая-нибудь «Звезда» — все это тощие книжонки или увесистые тома, ко­торые любопытно бывает перелистать, но где чте­ния оказывается мало. И не только для нас мало, — нет, мало и для московского «потребителя». Не­  даром говорят, что «Современные записки» вызы­вают в Госиздатах и политпросветах глубочайшую зависть. Оставим прославленные имена, перво­ классный список сотрудников, — не в этом дело. Имена есть и в Москве. Но всякий из нас, полу­чив новую книгу «Современных записок», знает, что чтения хватит надолго, — и чтения разнооб­разного, не мелко-злободневного, а подлинного, такого, на которое стоит тратить время. Ну, а что делать с «Красными звездами»? Печатных знаков там много, и если бы подписчиком «Звезды» со­ стоял гоголевский Петрушка, он был бы вполне доволен. Но материал этих «Звезд» и «Миров» красных, революционных, пролетарских, новых или обновленных, ничем не отличается от материала «Правды», — он только иначе набран и коли­чественно обильнее. «Правду» читают в трамвае, комкают и бросают. Право, «Звезды» и «Миры» не достойны лучшей участи. 
Притом, конечно, отдельные вещи попадают­ся в советских журналах отличные, — но всегда будто случайно. В целом не чувствуется никакого руководства, кроме трепета, чтобы не прогневал­ся на какое-нибудь идеологическое упущение Бу­харин или чтобы не поддел Демьян Бедный. «Крас­ная новь», пожалуй, лучше других ежемесячников. Она пристойнее и умнее. В ней есть постоянный отдел «От земли и городов», — неизменно интерес­ный и ценный. Да и в беллетристике ее редакторы разбираются лучше других. Вообще это бесспорно руководящий советский журнал. Но именно поэто­му, — и потому, что безотносительно «Красная новь» есть все-таки журнал убогий, — видно, как ограничены московские успехи в этой области. 
Надо еще заметить, что у нас здесь к «Крас­ной нови» и другим советским изданиям интерес повышенный и как бы ненормальный. Нас инте­ресует: что делается в России, что думается там, как в России живут, на что там надеются, чего ждут? Каждая страница оттуда для нас прежде всего документ. Для нас интересны и бездарней­шие вещи, если только они правдивы. У читателя в положении обычном такого отношения к литера­ туре не бывает: он ищет не информации, а мысли или художественной прелести. Если это и можно найти в советских журналах, то лишь в скупова­тых дозах, — и скорее второе, чем первое. Мыс­лью в Москве не грешат. 
Перелистаем последний, июньский номер «Крас­ной нови». 
Очередной отрывок из огромной «Жизни Кли­ма Самгина» Горького. Продолжение следует. От­ложим и суждение наше об этом романе. 
Дальше — рассказ Никандрова «Мирные жи­тели», плоский и ничтожный. Попытка сатиры на новое мещанство. Супруги Кузины принимают у себя вечером супругов Корешковых. Скучно и гос­тям, и хозяевам, но и те и другие притворяются и любезничают... Это описывается на 25 страницах со множеством штрихов заемных или обманчиво­ метких, не то под Гоголя, не то под Лейкина. 
«Потомок рыбака» — повесть Андрея Плато­нова — вначале недурна. Крестьянская жизнь изоб­ражена в ней без всякой фальши и с тем привне­сением «личного» в давно знакомую картину, от которого старое кажется новым, как будто впер­вые показанным. Но портит трафарет: несчаст­ный деревенский мальчик пробивается к свету, а свет — это коммунистическая «учеба». Как бы ни рассказать такую историю, ею едва ли можно еще кого-нибудь увлечь. 
Коротенький рассказ Эренбурга «Старый скор­няк» должен был бы, по мысли автора, быть ше­девром. В нем все на это рассчитано, — как в не­ которых вещах Леонида Андреева. Каждое слово должно поразить. Но что делать — не поражает. Какого-то дара «внутреннего прояснения» не хва­тило, и получился не шедевр, а претенциозный «пустячок». Я, конечно, не сравниваю Леонида Андреева с Эренбургом, — Андреев был неизме­римо талантливее. Но общие черты у них есть. 
Недаром Толстой сказал об Андрееве: «Пугает, а мне не страшно». И Эренбург смеется, а нам не смешно, плачет, а нам не грустно. 
Лучшее, что есть в книге, — рассказ Леонова «Месть». Может быть, тот или другой критик най­дет, что это «шаг назад» в творчестве Леонова, что в рассказе типы неясны или язык небрежен. Не хо­чется обсуждать, так это или не так. Все, что пи­шет Леонов, талантливо «насквозь», и ни в какие закаты или упадки его не верится. Мне уже прихо­дилось высказывать мнение об этом писателе по поводу «Вора». Замечу опять, что от предсказаний и пророчеств осторожнее воздерживаться, — но, не заглядывая в будущее, следует признать Леонова самым одаренным и человечески наиболее значи­тельным из всех модных русских беллетристов. 
«Забытая ночь» Заяицкого, автора забавных «Баклажанов», — рассказ не без прелести и даже с тем, что в старину называли «теплыми нотка­ми». Бунин сердился когда-то, что в его произве­дениях на первых порах замечали только «что-то тургеневское, что-то чеховское». Именно этими расплывчато-лирическими «что-то» хотелось бы охарактеризовать рассказ Заяицкого, — хотя в нем и описывается доблестная смерть восторженного коммуниста. Казенщину темы удалось автору окутать некоей привлекательной «дымкой». 
Отдел стихов занят окончанием поэмы Сельвинского «Пушторг», — вещи, над которой у нас в эмиграции много и напрасно смеялись, как над доказательством того, «до какого безобразия боль­шевики довели поэзию». О большевистских безоб­разиях мы говорить здесь не будем, но о Сельвинском скажем, что он во всяком случае не чета Безы­менским, Уткиным или даже Асееву. В его поэме есть блеск, движение, есть большая техническая ловкость. Это литература, а не «халтура». Нравится она или не нравится, вопрос другой. Признаюсь, мне она совершенно не нравится. 
Дальше идут мелочи: Ольга Форш все еще пе­режевывает свои прошлогодние парижские впе­чатления; Роман Гуль делится впечатлениями тунисскими; Родион Акулыпин рассказывает о со­ временной русской деревне, — и хорошо расска­зывает; С. Злобин не столь удачно повествует о Башкирии. 
Д. Тальников в «Литературных заметках» тол­кует что-то до крайности непонятное о живом чело­веке в искусстве и о причинах, почему живой чело­ век теперешним нашим писателям плохо удается. 
Вот и все. Повторю то, с чего начал: отдель­ные вещи в любом советском журнале попадаются прекрасные, в «Красной нови» чаще, чем в дру­гих; рядом встречаются вещи ужасающие. Но «жур­нала» собственно нет, — а если что и образует фон его, то лишь плоские статейки и нравоучительные рассказы, сбивающиеся в одно целое и как будто предназначенные для детей среднего возраста. Чуть кто поталантливее, — и сразу же кажется, что залетел он в чуждые ему области, «как беззакон­ная комета». 
 

";1928;;
Статьи Ю. Тынянова;"Юрий Тынянов — которого у нас больше знают как исторического романиста, чем как теоретика литературы — выпустил отдельной книж­кой свои статьи. В увесистый том этот, носящий название «Архаисты и новаторы», вошли рассуж­дения о «литературной эволюции и литературном факте», о Пушкине, Тютчеве, о Кюхельбекере, о современных поэтах, о Достоевском, о Гоголе и даже о языке Ленина. Для тех, кто хотел бы озна­комиться с учением т. н. «формальной школы» или составить себе окончательное мнение о нем, книга будет полезна. В ней одинаково ясны недостатки и достоинства школы. Тынянов — один из виднейших формалистов, добросовестный и очень све­дущий, но, по-видимому, не Бог весть какой та­ лантливый. Он легко и беспрепятственно уклады вается в это учение, он им удовлетворен, ему в нем не тесно и он не разрывает его, как это постоянно случается со Шкловским, главой формалистов и, конечно, самым даровитым среди них. Когда Шклов­ский рассуждает о том, «как сделано» то или дру­гое художественное произведение, он будто добро­вольно ложится на прокрустово ложе, и он в этих рассуждениях то и дело сбивается на темы более интересные и живые. За Тынянова опасаться не­ чего. Он твердо убежден, что «неправомерно под­менивать вопрос о литературе вопросом об авторской психологии», — и с высоты своей квази­ научности презрительно поглядывает на тех, кто таких простых вещей не понимает. 
Формальная школа критики имеет положи­тельные стороны, и отрицать ее огульно нельзя. Пожелав «научно» подойти к литературе, она была нужным и своевременным противоядием против беспочвенно-лирической «эскизности» и капризного импрессионизма, который еще до вой­ны насаждался у нас покойным Айхенвальдом и его соратниками. Она как бы подсушила нашу критику, отучила ее от взгляда на словесность, как на некую бесплотную, воздушную субстанцию, о которой только такими же словами и можно го­ворить... Но, будучи бесспорным в некоторых, очень скромных основаниях своих, формализм на­прасно претендует на исключительные роли. На­прасно он категорически утверждает, что «пси­хология автора» никого не касается, значения не имеет и рассмотрению не подлежит. Один вопрос напрашивается сам собою: для чего же существу­ет литература, если «психология автора», т. е. мысли и чувства его, надежды, сомнения, веро­вания не имеют значения, — неужели только для лексики, семантики, метрики, ритмики, компо­зиции, эйдологии, которые так и не должны быть в содержании своем переведены на язык более жи­вой и существенный? В защиту формализма Ты­нянов приводит довод детский: поэтам нельзя верить дословно, нельзя по цитатам восстанавли­ вать мировоззрение. Но кто же, кроме Сиповских, Смирновских и Саводников, делал это? Две строчки — цитаты, две строчки критического ком­ментария, еще цитата, еще комментарии и, в за­ключение, характеристика поэта — это действи­тельно прием наивный и ложный. Но еще дальше от правды утверждение, будто мы вообще о «пси­хологии» автора ничего знать не можем. Ритм, тон, стиль — все выдает «психологию», и нет смысла в их изучении, если останавливаться на полдороге. 
Тынянов приводит еще одно соображение в свое оправдание. Вот, например, Пушкин. «Мы наблю­даем многократное и противоречивое осмысление его творчества со стороны позднейших литератур­ных поколений... Пушкин побывал уже в звании романтика, реалиста, национального поэта, в эпо­ху символистов он был символистом». Познать же подлинного Пушкина можно только по формаль­ному методу, изучая только его «писательскую эволюцию», — и ничего более... Допустим, что это так. Но разве не правы были эпохи, которые «пе­реосмысливали» Пушкина по-своему, которые бра­ли в Пушкине то, что им было понятно, искали в нем живого поэта, живого человека, собеседника, друга или учителя, хотя бы и в ущерб объектив­ ной исторической истине, — допустим даже, что и в ущерб? Кому нужен Пушкин «подлинный», му­зейный и мертвый, Пушкин «двадцатых и трид­цатых годов», во всей точности восстановленный и на целое столетие от нас удаленный? Великий поэт живет «в веках» жизнью не менее реальной, изменчивой и подлинной, чем было его первое су­ществование, и своевольно возвращать его от этой очищенной и проясненной жизни к мелочам «литературной эволюции», — значит, собственно говоря, заниматься средствами, игнорируя цель и смысл. 
Книга Тынянова интересна как показатель «тупика», в который неизбежно должен был прий­ти формализм. Сама по себе она мыслями не бога­та и написана вяло и претенциозно. Списываю наудачу фразу: «быт кишит рудиментами разных интеллектуальных деятельностей». Не стоило де­сять лет заниматься изысканными утонченностя­ми литературных форм, чтобы в конце концов са­мому так писать. 
Интересна в «Архаистах и новаторах» часть чисто историческая — исследования или справки о литературе начала прошлого века. Выделяется статья «Пушкин и Тютчев». Если не ошибаюсь, это первая обстоятельная работа на тему об отно­шении первого поэта ко второму. У нас до сих пор держалась легенда, что как Державин, «в гроб сходя», благословил Пушкина, так, приблизитель­но, и сам Пушкин отнесся к Тютчеву. Тынянов эту легенду разрушает. 
В 1836 году в пушкинском «Современнике» был напечатан целый ряд стихотворений Тютче­ва. Плетнев много позднее назвал их «божествен­ными», — и как же можно было охарактеризовать их иначе! Там были «Цицерон», «Я помню вре­мя...», «Тени сизые» — лучшие тютчевские сти­хи. Пушкину они были переданы Вяземским, и из письма Гагарина к Тютчеву известно, что Пуш­кин оценил их «как должно» (во французском тек­сте письма: «avec une appréciation juste et bien sentie...). Тынянов высказывает правдоподобную догадку, что пушкинская оценка, по сравнению с восторгом, который стихи Тютчева вызвали у Жу­ковского и Вяземского — лишь «условная форму­ла вежливости». 
Заодно он дает сводку всех дошедших до нас сведений о взглядах Пушкина на Тютчева. Самое поразительное — выдержка из неподписанной, но несомненно принадлежащей Пушкину рецензии на альманах «Денница», в «Литературной газете» за 1830 год. Пушкин в ней замечает: «...г. Киреев­ кий упоминает о Шевыреве, Хомякове и Тютче­ве. Истинный талант двух первых неоспорим». Тынянов прав: Пушкин «отказывает Тютчеву в та ланте». Как могло это произойти, как случилось, что Пушкина поразила слепота — судить можно по-разному. При всех отличиях — глубочайших, конечно, — Тютчева от Пушкина, останется все- таки навсегда загадочным, что Пушкин, столь про­ницательный во всех других случаях, не только не был поражен или ошеломлен «явлением» Тютче­ва, но даже усомнился, истинный ли это поэт. 

 


";;;
По советским журналам;"Перелистывая новую книжку любого из московских журналов, неизменно удивляешься: — Да ведь я это уже видел, все это уже читал... 
Но книжка только что прислана из Москвы, страницы ее чуть ли не пахнут еще типографской краской, даты везде самые последние — сомнения рассеиваются. Остается, однако, недоумение: за­ чем повторять из номера в номер то же самое? Надо признать, что с годами в советских журналах по­вышается уровень общей грамотности, курьезов и всяческих «перлов» в них встречается меньше, но зато все становится окончательно серым, окончательно однотонным и невыносимо скучным. Это вовсе не наше здешнее, пристрастное, «белоэми­грантское» мнение. Об этом же вздыхают совет­ские читатели, на это же изредка «считают необхо­димым указать» советские журналисты, не зная только, как примирить политическую благонадежность с хотя бы минимальной долей живости и раз­нообразия. 
Собственно говоря, политическая «благона­дежность» не совсем то, чем насквозь проникну­ ты советские журналы. Но подходящего слова не найти: исчез в журналах этих последний проблеск сознания, последний отсвет свободы, и все же, несмотря на это, критические и публицистические отделы сплошь заполнены взаимными попреками в уклонах, изменах и обманах, в антиленинизме, в антимарксизме и прочих смертных грехах. Ино­гда невольно думаешь: вот сделан был опыт, до какого предела может дойти малодушие и глупость людей, и предложено было им изо дня в день, из месяца в месяц, из года в год на все лады и по лю­бому поводу в молитвенно-подобострастном тоне толковать о заветах Ильича... Не будем обвинять тех, кто делает это, так сказать, «из-под палки» и по обязанности, — не о них речь. Находясь здесь, мы не имеем права судить и осуждать их. Но количество добровольцев, их пафос и готов­ность грудью постоять за марксистский катехизис, их стремление друг перед дружкой блеснуть какой-нибудь особенно неотразимой цитатой — все это так поразительно, что хочешь не хочешь, закрадываются в голову печальные мысли о при­ роде человека. 
Разумеется, среди беллетристики по-прежнему попадаются вещи заметные и интересные. Но их немного. Редакторы журналов явно боятся из-за какой-нибудь излишне личной, не вполне плоской повести попасться в историю, и опасе­ния их основательны: можно быть уверенным, что вольность немедленно будет замечена, нарушение «партийных директив» по достоинству оценено и что журнал «На литературном посту» страниц де­сять отдаст на возмущение и протесты. А «совет­ская общественность» — излюбленное теперь вы­ражение московских журналистов, делающих вид, что и у них, как у поручика Берга из «Войны и мира», «все, как у других», — советская общест­венность на очередном диспуте единогласно выне­сет резолюцию, клеймящую презрением предате­лей рабочего класса. Лучше поэтому печатать повести «О старшем брате», — как делает, напри­мер, «Новый мир», — где в иконописных тонах под именем Лукьянова изображается Ульянов, брат Ленина, или размышления о мировом фило­софском значении покойного Фриче, или стихи, где розы рифмуются уже не с морозами, как при старом режиме, а исключительно с колхозами и совхозами. 
Что все-таки стоит отметить в последних вы­пусках советских журналов? Повесть Алексея Толстого «Петр Первый» в «Новом мире», небреж­ную и довольно поверхностную, но в чисто опи­сательном отношении блестяще талантливую. Лю­бопытный роман М. Козакова «Девять точек» в «Звезде». В романе этом рассказывается о жизни петербургской интеллигенции, — главным образом, политических ее кругов, — в предреволюционные годы. В последнем из напечатанных отрывков ро­мана описан прием членов Государственной Думы в Зимнем дворце. Описание местами карикатурное, но в общем меткое и запоминающееся. Роман этот заслуживает обстоятельного разбора: подо­ ждем, пока он будет закончен. В «Звезде» же напечатана неплохая повесть М. Фромана «Конец Чичи­кова». Журнал этот сейчас бесспорно лучший из всех, но даже и он на три четверти заполнен хла­мом, порой совершенно «необъяснимым». Таков, например, роман Смирновой «Шахты»: его по­ явлению невозможно найти даже политического оправдания. 
«Красная новь» падает все ниже и ниже. Из кри­тического отдела ее удачен Тальников, человек звезд с неба не хватающий, но сравнительно честный и сравнительно умный. Бывают времена, когда при­ходится пожалеть и о Тальникове. 



";1929;;
Советская критика;"Московское издательство «Федерация» объявило о выпуске серии книг, в которых «с наибольшей полнотой будут отражены все основные течения в области критики». Читатель будто бы хочет разобраться в совре­менных критических спорах. «Федерация» наме­рена ему в этом деле помочь. 
Трудно сказать, действительно ли существуют в России люди, которые в такой помощи нужда­ются. Поверить этому трудно. Споры в советской критике идут нескончаемые, но они так прими­тивны, и сущность их так ясна, что разберется в них любой школьник. «Федерация» пишет о «са­мых различных направлениях» в критике. Это, конечно, ерунда: никаких направлений в русской критике сейчас нет, и они невозможны. Есть одна только критика — марксистская (или псевдомарксистская), и все разногласия в ней происходят по одному только вопросу: кто лучше Маркса понял, кто вернее истолковал и применил на деле редкие и, надо сознаться, довольно убогие мысли Ленина о литературе. Никаких других споров нет. Могла бы, пожалуй, возникнуть борьба у марксистов с фор­малистами, но формалисты от нее благоразумно воздерживаются, и это им тем легче, что от всяких выводов они отказывались всегда. Подсчитать, сколько раз слово «да» встречается у Лермонтова, или объяснить, «как сделана» комедия Грибоедо­ва, — на это они согласны. Но больше ничто их не интересует... 
В общем, современная советская критика пред­ставляет собой печальное зрелище, какое только можно себе представить. Ничтожество и подха­лимство окончательно в ней восторжествовали. Ни­ когда ничего подобного Россия в своей литературе еще не видала и, дай Бог, никогда не увидит боль­ ше. Были ведь и среди коммунистических крити­ ков люди неглупые, а главное, — независимые: Воронский, например. Но ему давно пришлось умолкнуть. Был в «Красной нови» Тальников — далеко не орел, но все-таки критик, что-то сообра­жавший. Исчез и он. Остались только проходим­цы вроде Авербаха. Попробуйте с Авербахом по­ спорить. Вы немедленно окажетесь идеологом ку­лачества, проводником правого уклона, врагом пролетариата, отзовистом, хвостистом или наплевистом, — и вам твердо дано будет понять, что  «рабочий класс к своим противникам беспощаден». К взаимной раздаче подобных комплиментов и к взаимным угрозам вся литературная полемика сей­час в России и свелась. 
Издательство «Федерация» ограничилось пока только двумя книгами из предположенной серии. Обе эти книги принадлежат авторам малоизвест­ным — С. Пакентрейгеру и Н. Замошкину. Пер­вая называется «Заказ на вдохновение», вторая — «Литературные межи». Стоило бы дать премию тому, кто уловит в одной из этих двух книг хоть что-нибудь похожее на «направление». Замошкин пишет о том, что пролетариат призван сказать новое слово в литературе. О том же пишет Пакентрейгер. Замошкин говорит, что классовая точка зрения — единственно правильная. То же самое с трогательным единодушием утверждает Пакентрейгер. Замошкин указывает, что Демьян Бедный — замечательный поэт. Не сомневается в этом, разу­меется, и Пакентрейгер. 
Особенностью Замошкина является его при­страстие к Мариэтте Шагинян, этой трудолюбивой и скромной «работнице пера». Он ее сравнивает с Гёте и называет «предшественницей Шпенглера». В избытке восторга он говорит о стихах Шаги­нян, что это «субъективные и грустные клавирабенды». По-видимому, знаток Гёте и Шпенг­лера в немецком языке не совсем тверд. Тот же Замошкин называет «поэтом-производственником»... Гезиода. 
Пакентрейгер дает писателям новый социаль­ный заказ — «заказ на вдохновение». Он считает, что у современных беллетристов вдохновения мало, и потому они до сих пор не создали «человека ра­бочей эпохи». Попутно он выражает сожаление, что советским писателям «не удалось художествен­ но расстрелять» врагов коммунизма. Он находит также, что книг в России выходит слишком мно­го. Одна книга обходится государству в полтора трактора. А тракторы советской власти все-таки полезнее, чем книги. 
Любопытно указание обоих авторов на факт, который, вероятно, многих удивит — на огромную и все растущую популярность Мамина-Сибиряка у «широкого читателя». 
Характерно и то, что им обоим в их «идеоло­гических спорах» приходится постоянно возвра­щаться к «Зависти» Юрия Олеши. Эта небольшая повесть стала одной из центральных в советской литературе. Она действительно остра и талант­ лива в замысле и необыкновенно отчетлива в выполнении... 
Тому, кто хотел бы в современных настроени­ях советской литературы разобраться, она даст больше, чем добрый десяток томов критических раздумий. 


";;;
По советским журналам;"Кто читает или просматривает московские журналы постоянно, — тому большей частью кажется, что никаких перемен в них не происходит. Как год, как два года тому назад «Красная новь» чуть-чуть скучнее других ежемесячников, «Новый мир» чуть-чуть живее, «Звезда» по-прежнему оста­ется самым «культурным» советским журналом... Все то же, одним словом. Но интересно проделать опыт. Взять ту же «Звезду», тот же «Новый мир» за прошлые годы и сравнить с теперешними книж­ками журнала: уровень понизился несомненно, все стало серее, казеннее, беднее; ничтожества сдела­лись крикливее и требовательнее, люди даровитые и хоть сколько-нибудь независимые все дальше оттесняются на задворки... 
Подлинной литературы немного в советских журналах. Наивно было бы на основании этого заключить, что литература вообще оскудевает в России. По рассказам людей, приезжающих «от­ туда», по письмам, по слухам мы знаем, что «такой-то работает над романом», другой «закончил поэму», но ни этого романа, ни этой поэмы в «Звез­дах» мы, конечно, не увидим. Они существуют только в списках, они читаются в закрытых кружках. Лишь тогда, когда в России будет свободная печать, можно будет судить о том, что создано в нашей литературе за последние годы. Надо сказать, что сейчас главный и худший бич литературы не цензура: цензура, в собственном смысле слова, запрещает произведения, бесспорно враждебные власти, отчетливо «контрреволюционные»... С этим все давно свыклись. Но сейчас все реже и труднее допускаются к печати произведения «нейтральные», где на злободневно политические темы ничего не говорится. Их не запрещают, их бракуют как «не­ нужные», их ни один редактор не берет из страха, чтобы его не обвинили в том, что «вместо пробле­мы классовой борьбы он занимается проблемой женских волос», — как выразился недавно поэт Безыменский. Цензура молчит, цензура не возража­ет, — теоретически произведение может появиться в печати. Но на деле оно не появляется, ибо появить­ся ему негде. Изменение, происшедшее в советских журналах, можно резюмировать приблизительно так: раньше, еще недавно, в них помещалось то, что допущено к печати, — и редактор волен был в этом материале выбирать лучшее; теперь журналы открыты только тому, что к печати рекомендова­но... Оттенок очень существенный. Журналы зор­ко друг за другом следят и в критических отделах друг друга ловят на «непростительном легкомы­слии», на «непонятном пренебрежении задачами 
момента», если вдруг появится там или здесь рас­ сказ, где герой не борется с кулаком и не рассуж­дает о социалистическом строительстве. 
Исключения бывают. Журналам приходится все-таки заботиться о «самоокупаемости», а если в стихах и в прозе речь будет только о кулаке, то подписка останется только принудительная (библиотеки, клубы и т. д.), и все мольбы, обращен­ные к подписчику частному, чтобы тот «не поза­ был озаботиться своевременной присылкой подпис­ной платы» на ближайший год или полугодие, останутся гласом в пустыне. Поэтому допускаются поблажки. Так, в «Новом мире» печатается блестящий и увлекательный «Петр I» Ал. Толсто­го, — правда, печатается небольшими порциями, обыкновенно между двумя рассказами или повес­тями особенно «ударными». Из больших вещей, помещенных в этом журнале за последнее время, надо выделить новый роман Леонова «Соть». Он дол­ жен вскоре выйти отдельным изданием, и тогда о нем надо будет поговорить подробно. Роман очень талантлив, как все, что Леонов пишет. Но он блед­нее «Вора», и многое в нем кажется написанным по указке, без увлечения и интереса. Критика — вообще к Леонову враждебная, — на этот раз к нему оказалась довольно благосклонна, вероятно, потому, что роман «производственный». Другое «производственное» сочинение в том же журнале — «Гидроцентраль» Мариэтты Шагинян — скучно и вяло донельзя. 
В «Звезде» окончен горьковский «Клим Самгин». Сейчас печатается бледноватый роман М. Сло­нимского «Фома Клешнев» и повесть Ольги Форш «Сумасшедший корабль» из быта интеллигенции в первые годы революции. В этом журнале сравнительно недурны стихи, что объясняется, вероятно, присутствием в составе редакции Н. Тихонова, по­ эта даровитого и знающего в своем деле толк. Быва­ют любопытные вещи и в архивно-мемуарном отде­ле «Звезды» — их больше, во всяком случае, чем в других журналах: письма Блока, нередко замеча­тельные, статья К. Чуковского о «Молодом Тол­стом», содержащая несколько неопубликованных документов, даже воспоминания Бонч-Бруевича о Кропоткине, написанные тенденциозно и сбивчи­во, но по материалам, не лишенным интереса. 
В «Красной нови» царит то Гладков, то Ники­форов, то Сергеев-Ценский, то Эренбург. Послед­ний печатает в журнале свои путевые очерки — очень удачные, в общем, особенно если сравнить их с его беллетристикой. Гладков в последнем но­ мере «Красной нови» поместил курьезный рассказ «Вдохновенный гусь» — картину провинциально­ партийных нравов. 
В «Молодой гвардии» достойны внимания очер­ки — о «новом быте», о «колхозе» и др. Беллетри­стика же совсем слаба. Сейчас там в виде главной приманки печатается роман Новикова-Прибоя «Цу­сима», где больше всего речи — как и можно было ожидать — о тупости и жестокости офицеров. Кра­сок автор не пожалел, и, пожалуй, даже наиболее 
«сознательные» из его поклонников признают, что он перестарался. 
Об остальном не стоит говорить: беспросвет­ная казенщина. Особый приз за усердие по этой части следовало бы выдать журналу «На литера­турном посту». В этом издании печатаются толь­ ко статьи. Тон, содержание, напряжение их тако­ вы, что можно смело сказать: никогда, нигде, в самые мракобесные времена, в самых покорных листках не проповедовалось что-либо подобное. Бумага все терпит, но нет предела и терпению со­ветских читателей. 



";;;
Судьбы советской литературы ;"Из советской России ежедневно приходят книги и журналы, Книги мы читаем, журналы просматриваем, иногда с интересом, иногда со ску­кой. О том или другом литературном явлении мы спорим, ограничиваясь именно этим отдельным, частным случаем и не всегда отдавая себе отчет, что такое теперешняя советская словесность во­обще. Вернее, мы привыкли уже к ее тону и уров­ню... К чему не привыкает человек в конце концов! И лишь изредка мы подводим итоги всем накопив­шимся впечатлениям и, думая о советской лите­ратуре, пытаемся выяснить себе ее «дух, судьбу, ничтожество и очарование», — как выразился ко­гда-то Розанов. 
Попробую сегодня заняться именно этим. По­ рой, говоря о какой-нибудь московской книжке, приходится делать общие замечания, — но боль­ шею частью вскользь, по недостатку места и потому еще, что это «не относится к теме». В раздражении, с которым невольно об этой книжке пишешь, читатель может заподозрить обычную критическую желчность и профессиональную склонность к на­ смешке, ибо, как известно, браниться и посмеи­ваться в критике всегда удобнее и эффектнее, неже­ли хвалить. Читатель до известной степени вправе быть подозрительным, потому что ему не объяс­няют, в чем главный недостаток книги, или объясняют слишком бегло. Ну, плохо написана книга, неудачно, неумело, — оправдывается ли этим яз­вительность критика? Если бы я был читателем, то, не задумываясь, ответил бы: нет, не оправдывается; критик должен быть откровенен, но не должен пользоваться чужими неудачами для демон­стрирования своего остроумия... Однако о боль­ шей части теперешних советских писателей вовсе нельзя сказать, что они плохи или неудачны. К ним с этими эстетическими мерками нельзя подходить. Если ими бываешь возмущен, то думаешь вовсе не о литературе, а о человеке. Литература, может быть, и плоха, но человеческий облик за ней еще несравненно хуже, — и он-то и приковывает к себе целиком все внимание. Оговорюсь, что я имею в виду сейчас, конечно, не всю советскую литерату­ру. Есть в России несколько писателей, к которым мы должны сохранить полное и безусловное ува­жение. Можно расходиться с ними во взглядах, можно даже считать их «врагами», — но уважают и врага. Не о них речь. Этих писателей, кстати, и печатают все реже, одного за другим их оттесняют на задний план, даже если ни в какой «контрре­волюции» уличить их нельзя. Борьба революции и контрреволюции в русской литературе давно кончилась, осталась только борьба честности и подхалимства, искренности и лжи, «добра и зла», если угодно выражаться метафизически. И «зло» в этой борьбе побеждает. 
Ни для кого не тайна, что сейчас в России имя Ленина популярнее, чем оно было при жизни его. В литературе воспоминание о ленинских временах отразилось очень своеобразно: открыто не скажешь ведь, что при Ленине все было лучше, чем при Сталине, и вот создается легенда о «незабываемых годах военного коммунизма», о «прекрасном на­чале революции», и так далее, и так далее. Этот «уклон», к которому главари литературы относятся крайне враждебно, является по существу не только тоской о «революционной романтике», но и чем- то более серьезным. О романтике говорят, конеч­но, ее отчетливо выразил поэт Асеев в известном, всю Россию обошедшем четверостишии: 
Как я стану твоим поэтом, Коммунизма племя, Если крашено рыжим цветом, А не красным — время. 
Но романтику с именем Ленина связать труд­новато. Суше Ленина, прозаичнее, трезвее и анти- романтичнее его — человека не было. Если о нем теперь усиленно вспоминают, то, очевидно, не только потому, что во время его владычества бу­шевали «метели революции», как с грустью пишет Пильняк. Да не Ленин ли и положил конец этому буйству «метелей», введя НЭП? Причины канонизации другие. 
О Ленине всякий волен быть какого угодно мнения: можно считать его глупым или умным, даровитым или бездарным; можно утверждать, что ему повезло случайно, что не помоги история, он бы навсегда остался обыкновенным российским эмигрантом-социалистом, — но одно несомненно и расхождений не вызывает: в Ленине была личная порядочность, Ленин не был проходимцем. 
Даже непримиримейший противник Ленина, ко­торый называет его «извергом рода людского», согласится, что Ленин был честен, «идеен» и лич­но для себя, своекорыстно, ничего не искал. Он, вероятно, лучше чувствовал себя в «подполье» или в Женеве, среди родственных ему по духу людей, чем позднее в Кремле, особенно когда опасность политических перемен миновала и к нему начали со всех сторон подлаживаться новоиспеченные, вне­запно прозревшие коммунисты. В презрительных ленинских словечках, вроде «комчванство», «дет­ская болезнь левизны», в его поздних речах и ста­тьях чувствуется, что он сознавал, какой челове­ еский хлам все теснее и подобострастнее его окру­жает. Пусть ленинские мысли, ленинские методы для нас абсолютно неприемлемы, — мы должны все- таки признать, что если он и готов был жертвовать любой человеческой личностью ради будущего «кол­лектива», то в самой оценке личности он не отсту­пил от общих внушений совести: трусов он назы­вал трусами, льстецов льстецами, подлецов считал подлецами. О Ленине сейчас трудно писать, надо ставить все точки над i, из осторожности, чтобы не быть неверно понятым. Добавлю еще, что, стремясь изменить внешний мир, он не искажал мира внут­реннего. Человек у него остается человеком, и тот, кого он называл «дрянью», был дрянью действи­тельно, вообще, вне соображений политических. Есть признаки, позволяющие думать, что перед смертью Ленин больше, чем крушения советской власти, боялся, что именно «дрянь», обычная, се­ рая, многоликая дрянь этой властью всецело овла­деет и начнет наводить свои порядки. 
Это и случилось. Несомненно, во всех облас­тях русской жизни произошло то же самое, но я сейчас говорю о литературе, где торжество мелкой «дряни» явственнее, чем где бы то ни было. Даже Троцкий, у кого, по сравнению с Лениным, черты авантюриста, политического актера и позера, «про­ходимца» очень сильны, даже Троцкий не выдер­жал склада и «запаха» теперешней печатной рос­сийской словесности и впал от нее в уныние. За­ хват литературы произошел медленно, постепенно, можно сказать — планомерно. Сейчас смешно, а отчасти и страшно вспомнить, что было время, когда душевно-безгрешный Блок, это подлинное «дитя добра и света», был революционным поэтом и в собственном своем ощущении и в общем при­ знании. Куда скатилась с тех пор русская литера­тура, — если условно называть литературой то, что теперь в советских журналах печатается? Как бы встретили теперь Блока какой-нибудь Авербах или Киршон? Как авторитетно и брезгливо они разъяснили бы ему «задачи момента» и «необхо­димость подтянуться в переживаемый страной ре­конструктивный период»? Они привели бы деся­ ок цитат, самых убийственных, они сослались бы на резолюции последних съездов, они стали бы публично бить себя в грудь и благодарить «мать нашу партию» за то, что они не такие отщепенцы, индивидуалисты, тупицы, как Блок, — и уж, ко­нечно, они не позабыли бы упомянуть «ленинской линии» в литературе. Ленин, действительно, Бло­ка не одобрял или, вернее, игнорировал: Блок был вне поля его зрения. Но как Ленин отнесся бы к беззаветному рвению Авербаха, к высокоидейному стоянию его «на страже ленинизма» — это все знают, все понимают, только сказать об этом те­перь нельзя, да и негде. Ленин мертв, им овладел Авербах (называю это имя, как собирательное, — Авербах один из самых лживых, юрких и ничтож­ных московских критиков) и от его имени теперь распоряжается. При малейшей попытке самосто­ятельной мысли, хотя бы и в коммунистическом направлении, Авербах беспокоится. Как можно сметь свое суждение иметь! Не «уклон» ли это? Разве по данному вопросу уже не высказалась «наша партия», не наметила отношения к нему в принятой ею «генеральной линии»? Дается пер­ вое предостережение — и провинившемуся оста­ется умолкнуть или покаяться, на выбор. Умол­кают многие, вольно или невольно, — и мы их уже не слышим. Другие каются и тут же принимаются уличать в недостатке классового сознания треть­ их. Так в процессе просеивания отделяются «чис­тые от нечистых», — и остаются в литературе только те, кто от страха друг перед другом лишился вся­ кого стыда, всякой чести. Об этом можно было бы исписать бессчетные страницы, если пожелать ил­люстрировать статью примерами. Открываю пер­вый попавшийся журнал, списываю из первой по­павшейся статьи: 
«Тов. Ч. доказал своим очерком, что он чужд проблемам нашего строительства и не понимает его хода». 
Тов. Ч. строительству чужд и его не понима­ет? Прекрасно. Но тов. X., автор этих строк, зна­чит, строительство понимает, он подчеркивает, что строительство «наше», т. е. и его, товарища X., тоже, и он заранее умоляет, чтобы его с тов. Ч. не спутали... Прежде были «метели революции», ту­ ман, бред, помыслы о земном рае, хотя бы и при­нудительном. Теперь промфинплан, соцсоревнова­ние, колхозы и прочее. Энтузиазм «массовых» российских литераторов, однако, неслыханный, такой, какого и при метелях не было. Если бы все это происходило на луне, то, пожалуй, мы бы поверили, что незнакомых нам лунных жителей охватил неведомый восторг. Но это не луна, а Рос­ сия. И Россию мы знаем. Затем, «стиль — это человек», — и каждая фраза Авербаха выдает его тайные помыслы, его удовольствие от играемой им роли. Полсотни мелких журналистов, изобра­жающих энтузиазм и громогласно обязующихся сложить свои кости за социализм, полсотни мелких беллетристов, в «художественных образах» выражающих то же самое — это зрелище, кото­рое никого, ни здесь у нас, ни там, в России, не обманет. Подлинная литература уходит в новое подполье, мечтая о былых метелях, не столько потому, что, действительно, метели были так уж хороши, сколько по той простой причине, что тогда в литературе еще не царили плуты и жули­ки... Это слово в данном случае никаким другим заменить нельзя. 
Недавно я получил из России письмо на эти темы. Автор его, между прочим, пишет: 
«Что думает обо всем этом Максим Горький? Что бы у вас о нем ни говорили, это все-таки очень большой человек... Россказням о нем я не верю. Не видит ли он, что как будто пожелал кто-то ис­пытать в России, до какой черты может дойти людская низменность, людская угодливость? — Оказывается, предела нет. Отчего он не напишет об этом? Что он ясно понимает положение, я не со мневаюсь. Что его будут поносить у нас за подобное выступление, я тоже не сомневаюсь. Но найдется и поддержка, он тоже это хорошо знает. Не хуже ли будет, если ему окончательно перестанут дове­рять — а ведь были годы, когда на него смотрели почти как на Толстого...» 
Спросим и от себя: что думает обо всем этом Максим Горький? 


­ 


 
";;;
Человек в советской литературе ;"Каждый читает книгу по-своему, — и свое в ней находит. Одни, торопливо переворачивая страницу за страницей, стремятся узнать только: что случится дальше? Других интересует: что хотел сказать автор? Третьи ищут художественных до­стоинств, ценят больше всего блеск описаний или остроту стиля... Конечно, разнообразие читатель­ских «типов» этими категориями не исчерпывает­ся, а главное, — ни в одну из них не укладывается вполне. Живое сознание — не схема. В каждом сознании только преобладает та или другая склон­ность, но не заполняет его целиком. Советская литература многих отталкивает. Не­ редко здешним критикам приходится слышать: 
«зачем вы обо всех этих Пильняках и Бабелях пишете? Какое нам до них дело? Не безразлично ли, что один талантливее, другой бездарнее? Все они — одного поля ягоды». Такие речи диктуются иногда соображениями, которые никак нельзя принять всерьез: «не хочу, например, читать книгу, отпечатанную по новой орфографии, без ятей и твердых знаков; или: не могу без дрожи слышать слова товарищ». Это — как бы «первая ступень» возражений, которые делаются против внимания к советской литературе, первая ультраобывательская фаза их. За ней, может быть, и есть личная боль, личные горькие воспоминания и обиды, но есть и каприз, упрямство, с которым слабая мысль не в состоянии справиться. Другие говорят: совет­ская литература скучна. Это, до известной степе­ ни, верно, как верно и то, что в художественном отношении она находится на уровне довольно низ­ ком: для оценки и понимания ее требуется снис­ходительность, для снисхождения нужна доброже­лательность. У кого этого свойства нет, тот найдет в советских романах и повестях, — за немногими исключениями, — только пищу для насмешки, ничего больше. 
Два слова сначала о «скуке». В большинстве советских произведений, — как и почти всегда в творчестве малоразвитой культуры, — действие подчинено формуле «от мрака к свету»: коснел кто- нибудь в заблуждении, был несчастлив, — познал истину, стал счастлив... Рабочий пьянствовал, ни­щенствовал; приятели уговорили его сходить на собрание в «ячейку»; там его образумили; он за­ писался в партию, понял величие борьбы за соци­ализм и другим стал подавать пример. Или тем­ная деревенская баба терпела побои от мужа, — но вот записалась в колхоз, сдала детей в ясли и нашла цель жизни в общей работе. Действитель­но, читать такие вещи скучно. Сразу, с первых страниц знаешь, чем дело кончится, и даже в тех случаях, когда торжество добродетели и посрам­ление порока не так очевидно, как я только что предположил, все-таки можно быть уверенным, что коммунист окажется прав, а всякий другой чело­ век неправ. Иначе не бывает, — и эта тенденциоз­ность расхолаживает. Помимо того, «художествен­ность» советской литературы, в общем, очень не­ велика. Нам случается иногда, по отношению к тому или другому роману, употреблять эпитеты «блестящий», «замечательный» и т. д. Надо со­ знаться: все это говорится только относительно, только по сравнению с общей массой приходящих из России книг. Разумеется, человека, привыкшего хотя бы к среднему современному европейскому уровню беллетристики, — особенно французской и английской, — средняя советская книга пора­жает прежде всего дурным качеством «выделки». («По-русски — работа, по-ихнему — дрянь», — можно вспомнить здесь стих Безыменского.) Все грубо в ней, все наивно и неумело. Если в совет­ской литературе имеются достоинства и есть даже величие, то обнаруживается это после долгого чте­ния, не сразу, а только как результат улежавшихся, очищенных впечатлений. Отдельные книги лишены тех качеств, которые можно охарактеризовать как «ювелирные». Одна лучше, другая хуже, но, в общем, это — «по-русски — работа, по-ихнему — дрянь». Единственное в России, что находится сейчас на уровне высокой европейской «квалификации», — это проза поэтов: Пастерна­ка, Тихонова... Отчасти с ними могут соперничать, по качеству работы, такие беллетристы, как Оле­ша или Бабель. Но Леонов, например, который все-таки наиболее значителен среди молодых советских писателей, с ювелирной точки зрения совсем слаб. От его книг остается в памяти только «музыка» их, только расплывчатые очертания замысла, — отдельные же страницы все забываются. Эстетическая неприязнь к Леонову — и писателям его склада — понятна и естественна, особенно на пер­вых порах знакомства. Пожалуй, только если эта эстетическая неприязнь затягивается, она свиде­тельствует о пристрастии к «художественности», в самом узком, ограниченном смысле слова. 
Но не будем забегать вперед. Наоборот, согла­симся искренно и безоговорочно: в общем совет­ская литература скучновата, серовата, слабовата... Понижение писательского мастерства и, особенно, понижение читательских требований, — объяснимое причинами, далеко выходящими за пределы литературы, — сказывается. Многие элементы как будто выпали из обихода. Ощутительнее всего поте­ря иронии, этой важнейшей приправы во всякой литературной кухне. Советская словесность прес­на. Если к ней иногда тянет искреннейших евро­пейских «гурманов», то кто же обманывается? Это снобическая прихоть, следствие пресыщения. 
И все-таки пресная, слабая, скучная, серая, наивная советская литература достойна с нашей стороны самого страстного интереса, самого при­ стального внимания. Отчего? Думаю, что самый короткий ответ будет и самым точным, самым правильным: это интерес и внимание к России. 
Разумеется, и тут дело не обойдется без возра­жений, — и возражений бурных, с пожиманием плеч, с возведением очей к небу, с улыбкой сожа­ления или презрения к собеседнику. «Как, а цен­зура? Как, а гнет и правительственное внушение, величаемое социальным заказом? Как, а общее прислужничество, общая подавленность, боязнь “сметь свое суждение иметь”? Неужели литерату­ра, живущая в таких условиях, может быть выра­жением того, что думает и чувствует Россия? Подлинная Россия сейчас молчит!» 
На первый взгляд, все это — совершеннейшая, абсолютная правда. Но только на первый взгляд. Правда в этих суждениях есть, но она перемеша­на с большой долей лжи, — и далеко не абсолют­на. Было бы слишком долго опровергать эти речи «пункт за пунктом», это отвлекло бы нас от темы, да не раз это уже делалось. Бесспорно, рядовая советская журналистика дает образцы непревзой­денного в истории «всех времен и народов» раболепия и угодничества. Бесспорно, литература более совестливая стеснена во всем, в каждом живом своем проявлении, Бесспорно, она «задыхается»... Но она не умерла, — не только в том смысле, что по слухам где-то в новых катакомбах пишутся и под спудом хранятся какие-то неведомые нам произведения: нет, она не умерла и печатно. Не знаю, что случится впоследствии, говорю только о том, что было до сих пор. Мнение, будто литература может жить только в условиях полной свободы, элементарно-ошибочно: множество примеров доказывает, что это не так, пример пушкинской эпо­хи — убедительнее всего. И вообще нужно иметь безнадежно-механическое, мертвенное и схемати­ческое представление о том, что такое литература, чтобы допустить и поверить, что тысячи книг, среди которых попадаются и внутренне глубокие вещи, тысячи сознаний, выражающих себя в слове, бес­ конечное разнообразие удач и срывов, притяже­ний и отталкиваний, намеков и мыслей, воспоми­наний и надежд, — чтобы допустить и поверить, что все то сплетение и переплетение отдельных духовных и творческих энергий, которое есть в советской словесности, могло возникнуть и суще­ствовать только как результат чьего-то приказа­ния. Поистине, это было бы чудо, и будь это так, Сталин оказался бы соперником Бога, ибо создал бы свой мир. Но в Кремле чудотворцев нет, и советская литература только потому могла явиться и жить, что за ней есть Россия. Нельзя каждому слову в ней доверять, надо иногда читать между строк, надо иногда «слушать молчание» ее боль­ше, чем придавать значение речам, надо о мно­гом догадываться, многое расшифровывать, надо всегда помнить, в каком положении находится Россия, за ней лежащая, — но надо и признать все-таки, что это единственное по своей ценности и важнейшее свидетельство о России. Я имею в виду именно художественную литературу, «бел­летристику». Есть кроме нее письма, дневники, записки... Бывают среди этих материалов доку­менты примечательные. Но каждый из них отра­жает только отдельный, личный случай. Между тем творческий вымысел всегда основан на извест­ной «сумме» впечатлений, всегда уходит корня­ми в глубь среды, — и даже, уступая какому-либо дневнику по яркости, всегда превосходит его об­ щей верностью показаний. Наконец, последнее предварительное замечание, крайне существенное. Соединить свое печатное, гласное существование 
с внутренней честностью советская литература мо­жет только при наличии «созвучности револю­ции», — как принято говорить в России. Эта «со­звучность» имеется, несомненно. Но выражается она вовсе не в подчинении партийным директи­вам, а как бы в «отречении от старого мира», в стремлении на его месте построить мир новый. Не все писатели таковы, и образы писателей по­ неволе умолкших надо, конечно, в общий расчет принять: образ Ахматовой, например, или Соло­губа в его последние годы, или Кузмина, или дру­гих, новых, несомненно существующих, имена которых нам еще неизвестны. Но порыв к буду­щему, совпадающий в далеких своих очертаниях с общим революционным устремлением, по-види­мому, очень силен, — и добавлю, не только литера­тура об этом говорит, но убеждают в этом и бесе­ды с приезжающими из России людьми, особенно с молодежью. Нравится нам это или нет, — это так. Есть у Герцена знаменитая фраза об исто­рии, которая, по его мнению, настолько богата тканями, что «ей никогда не бывают нужны ста­рые платья». 
Вот в самой расплывчатой форме впечатление, которое выносишь от общения с советской мыс­ лью или чувством. Иногда слышишь осуждение нынешней власти, иногда улавливаешь возмуще­ние ее принципами и особенно ее методами, — хотя там, на месте, об этой власти знают гораздо меньше, чем знаем мы здесь, — но отказ от воз­ вращения к «старым платьям» ощущаешь посто­янно. И, несомненно, за этим отказом — Россия. Думаю, что ее далеко не так прельщает перспек­тива снова стать сусально-благообразной «Святой Русью», с мужичком-богоносцем, как это иногда в умилении и ослеплении представляют себе неко­торые из нас здесь. К России, к общему ее сознанию, обращен сей­час вопрос каждого русского человека: чего она хочет? В литературе мы ищем ответа на этот во­прос. Если можно говорить о «благожелательно­сти» как условии понимания советской литера­ туры — я говорил об этом в начале статьи, — то именно потому, что речь идет о нас самих и о том, отрыв от чего был бы с нашей стороны безумием. Каждый волен и должен в общем деле отстаивать то, что ему представляется правильным, — но он и должен участвовать в общем деле. И для этого он должен учиться новую Россию понимать. 
Величайшею ценностью старой русской литера­ туры было ее представление о личности, — т. е. о человеке. Первый вопрос, который мы к тепереш­ней литературе обращаем, таков: какое представ­ление о человеке создала она, — и в лихорадке всех теперешних «строительств» какой тип лич­ности она ищет и вырабатывает? Класс, среда, партия... обо всем этом говорится много. Но че­ловек, но его чувства, но его отношение к обще­ству и к своей жизни, — что думает об этом со­ветская литература? Думает ли она — и за ней Россия — вообще на эти темы? Нелепо было бы предполагать, что в той или другой книге можно сразу получить ясный и точный ответ. Ответа при­ходится искать повсюду, и получается он слож­ный, противоречивый, не всегда внятный. Но по­ тратить время на поиски его и, по мере сил, на его уразумение, не жаль, — игра, мне кажется, стоит свеч. Пафосом общности можно было бы назвать то, что одушевляет советскую литературу. Если же попытаться дать определение тому, против чего она в самых страстных своих устремлениях направле­на, то надо сказать: против одиночества, против индивидуализма, против замкнутости человечес­кого сознания в самом себе. 
Одних этих слов достаточно, чтобы признать, что советская литература говорит не о пустяках. Тема ее и в самом деле значительна, хотя разра­ботка этой темы еще бедна. Не было, кажется, никогда ума сколько-нибудь пытливого и честного, который в мыслях о судьбе человека не упирался бы в вопрос об отношении личности к обществу. И не было внутреннего (даже больше: религиозно­го) опыта, сколько-нибудь глубокого, в результате которого не являлось бы убеждение: человек не может, не должен жить один, и только личность, готовая потеряться, раствориться в целом, имеет право и надежду себя утвердить. Эта истина, дей­ствительно, одна из немногих «вечных ценностей» людей; рано или поздно к ней приходит всякий, кто чувствует ответственность за свои слова и мыс­ли, а не жонглирует ими для развлечения. И если не вся наша духовная культура, то, по крайней мере, огромная часть ее движется вокруг этого по­ложения, не находя еще сил до конца осмыслить его, или, вернее, — осуществить и реализовать. Личность страшится уничтожения, она опасается, что ее, как в западню, коварно заманивают в «об­щее дело», а когда она в него попадется, то опасения уже не будет... Она отстаивает себя, она гордится собой, она развивает в себе самые неповтори­мые свои черты. Так возникает индивидуализм, и надо ли напоминать, какую роль сыграл он в ду­ховной жизни Европы прошлого века, — Бодлер, Ницше, Ибсен — три величайших имени его. Они многих соблазнили из «малых сих», многих сбили с толку, но сами были как бы «искупителями» индивидуализма и с подвижнической чистотой вели свою роль адвокатов личности, делая нужное для своего времени дело. Однако роль сыграна, доводы исчерпаны, процесс кончен. И опустошенность мил­лионов современных душ позволяет поставить точ­ку над i: процесс проигран. У нас, в России, инди­видуализм никогда не поднимался на те высоты, на которых он побывал в Европе. Лишь в послед­ние два десятилетия перед войной, с усилением за­падных влияний в литературе, он нашел прямых последователей. Но в нашей литературе недавно была «петербургская» тема, поднятая еще Пушки­ным и тревожившая Достоевского: тема отрыва, бог весть куда и к чему Россию ведущего... У нас был Чаадаев, глубокий и типичный «одиночка» по духу, еще и до сих пор многих пленяющий своим обли­ком, надменным и горестным. Наконец, у нас был Лев Толстой с его исключительным чувством общ­ности, в котором одно время он искал даже — в период «опрощения» — разрешение всех своих мук. Все это я говорю для того, чтобы показать, что со­ветская литература в темах своих преемственна. 
Она — в лице некоторых своих представите­ лей — решает вопрос прямолинейно, она рубит с плеча: личность есть часть коллектива, — и кон­чено. Все ясно. Никаких трудностей, никаких тре­вог. Она отвергает интеллигенцию, «интеллигент­щину» именно за прекраснейшую ее черту — за жертвенность, ибо жертвенность выдает беспокой­ тво, выдает мятущуюся совесть, сознание своего долга перед обществом. А у нее долга нет. «Мы пальцы на одной руке», — сказал какой-то совет­ский поэт, не особенно художественно, но доволь­но выразительно. Палец для руки ничем не жерт­вует, он — в ней, он ее не замечает, как и она его. Повторяю, все это прямолинейно, грубо. Но в са­мой основе этого чувства общей ответственности, общей солидарности, общего творческого делания лежит правда. И чувство это — лучшее, что есть в советской литературе. Оно дает ей иногда какое- то очистительное, освежающее величие по сравне­нию с утонченнейшими созданиями Запада. Оно напоминает о забытом. Оно как бы подготовляет среду, где человеку более легко будет жить и ме­ нее страшно умирать. Блок, вероятно, об этом ду­мал, когда писал: «прекрасное слово товарищ...» Ему виделось братство. 
Но если «пафос общности» лежит в основе всей советской литературы, то в разрешении вопроса о роли личности в коллективе возникают противо­речия и ведутся на эту тему сдержанные по фор­ ме, но страстные и пламенные по существу спо­ры. Здесь-то и приходится иногда «читать между строк», мысленно договаривать недоговоренное, ибо на эти споры цензура накладывает свою лапу с особой ревностью. Но писатели изловчились — они умеют изворачиваться. Они выработали остро­ умный прием: речи «контрреволюционные» или, точнее, антиколлективистические вкладываются в уста простачков-дурачков... Ну, что с дурачка взять? Автор, разумеется, с ним не согласен. Автор согласен с коммунистом, излагающим в популяр­ном виде Маркса и Ильича. Иногда в роли реак­ционного резонера выступает какой-нибудь «быв­ший человек», уже стоящий одной ногой в гробу. Автор еще решительнее подчеркивает свое осуж­дение... Цензура бессильна. Но мы-то можем все вновь расставить по своим местам: более чем бес­смысленны некоторые книги, официально признан­ные в России вполне благонамеренными (читатель вправе спросить: какие именно книги, каких ав­ торов имеете вы в виду?) Отвечу: ни одного автора в отдельности, но всех вместе. Я пытаюсь выжать сущность, «квинтэссенцию» советской словесности, сделать выводы из долгих и разнообразных впе­чатлений. Разумеется, «всех вместе» — значит, всех подлинных писателей. Девять десятых тех людей, которые в России писателями считаются, этого звания недостойны — по бесстыднейшему прислужничеству своему, по бездарности или по безграмотности. Демьяна Бедного, Безыменского или «великого старца» Серафимовича я в расчет не принимал. Вот несколько имен — из тех, о ко­торых я думал: Леонов, Олеша, Федин, Всеволод Иванов, Козаков, отчасти Ал. Толстой, удивитель­ным своим чутьем иногда схватывающий мгновен­но то, к чему другие приходят путем длительных раздумий, отчасти Катаев и Зощенко, отчасти Ма­риенгоф, давший в своих двух романах отчетли­вую картину разложения и смерти человеческой души... Но всех не перечислишь. 
Личность согласна на общее соединение. Дух жертвенности, — хотя и отвергаемой извне, — в ней не угас. В ней нет эгоизма, нет себялюбия... Никто, по совести, ее упрекнуть в этом не может. Но она недоумевает: во имя чего предлагается ей раствориться в общем, слиться с ним? Чем хочет стать это общее: огромной потребительской лавкой, кооперативом с наиболее справедливым распреде­лением материальных благ, только и всего? Допус­тим, «классовая борьба» кончится, как обещают это теоретики новой общественности. Исчезнет прин­цип жестокости, «принцип крови», действующий теперь, — исчезнет насилие. Настанет золотой век: бесклассовый строй, — допустим. Но во имя чего состоится после «решительного боя» это объедине­ние людей, в каком порыве свершится оно, с какой целью? Будет это стадо или человечество? Что люди будут «строить? Неужели все-таки тракторы и элек­тростанции? Уцелеют ли в предстоящем всеобщем уравнении сложнейшие и тончайшие духовные бо­гатства, накопленные веками, если уцелеют, какой найден им будет выход, какое применение? Или человеку вместе с отказом от вещественной роско ши придется отказаться от роскоши множества чувств, множества мыслей, обществу ненужных и для него даже нежелательных, ибо они в уединении возникли и к уединению ведут? Должен ли чело­век стать проще, суровее? Оправдают ли будущие поколения этот наш теперешний добровольный от­ каз? (Напоминаю «во избежание недоразумения»: это не я спрашиваю, это спрашивает советская лите­ратура.) И, наконец, что делать сейчас с «жалостью, нежностью, гордостью, ревностью, любовью — сло­вом, почти всеми чувствами, из которых состоит душа человека кончающейся эры» (Ю. Олеша), — сейчас, пока эта эра еще длится все-таки? 
Наиболее значительные и зрелые произведения советской литературы написаны на тему этих во­просов, наиболее важные диалоги в ней ведутся вокруг них. Губительность индивидуализма ощу­щается всеми. Но личность отстаивает свой прихотливейший «внутренний мир», — хотя бы и препятствующий безраздельному слиянию всех во всем, — она торгуется, она требует, чтобы взамен ей дали что-нибудь равноценное. 
«Мир, обреченно уходящий из жизни, не ме­ нее достоин преклонения, чем новый человек. Мы не знаем красоты, которую создадите вы... Но ни­ когда уже не повторятся наши чувства, потому что никогда не повторится человек нашей эпохи. А мы умели чувствовать, мы умели создавать прекрас­ное и обольщаться им. И мне грустно, что новое человечество безжалостно выбрасывает нас из жиз­ни. Мы носим в себе такие чувства, против кото­рых вы ополчились не потому, что они вредны, а потому, что вы не обладаете ими, не хотите видеть их значения» (К. Федин. «Братья»). 
«Целый ряд человеческих чувств кажется мне подлежащим уничтожению... Новый человек при­учает себя презирать старинные, прославленные поэтами и самой музой истории чувства. 
Знаете, бывает, электрическая лампочка неожи­данно тухнет. Перегорела, говорите вы. И эту пе­регоревшую лампочку, если встряхнуть, она вспыхнет снова и будет еще гореть некоторое время. Внутри лампы происходит крушение. Вольфрамовы нити обламываются, и от соприкосновения об­ломков лампе возвращается жизнь. Короткая, не­ естественная, нескрываемо-обреченная жизнь... Вы понимаете меня? Я хочу встряхнуть сердце пере­ горевшей эпохи. Лампу-сердце, чтобы обломки со­ прикоснулись» (Ю. Олеша. «Зависть»). 
Две цитаты из разных авторов — обе говорят об одном и том же. В них сквозит ужас перед буду­щим, обезличивающим «муравейником», вроде того, который изобразил недавно Метерлинк, — к неменьшему ужасу многих европейцев. У Оле­ши и Федина тревога за личность достигает наи­большей остроты. У других авторов, в частности у Леонова, она слабее, — но, думается, не пото­му, чтобы он ценность личности менее ясно со­ знавал, а потому, что он доверчивее к будущему. Он убежден, что ни при каких условиях человек муравью или термиту не уподобится. Однако от­ каз от многих утончений и усложнений челове­ческой психики у него, несомненно, есть, не знаю только, сознательный и жертвенный или же не­ произвольный. Этот писатель потому так и инте­ресен, что у него «лампочка-сердце» горит ярким и ровным блеском, без судорог, без мерцаний, — и притом это уже какая-то новая лампочка, не та, которая освещала «перегоревшую эпоху»... Спускаясь дальше, ниже по склонам умственно­ душевной одаренности и сознательности, перехо­дя к писателям более тесного кругозора, замеча­ешь, что тревога исчезает окончательно, и человек в чувствах своих оказывается все ограничен­ нее. Но зато ощущение связи между людьми рас­ тет. Неправильно было бы думать, что мы вычи­тываем в этих книгах поучения, каким человек должен стать. Нет, дело проще: мы видим в них, каким он становится... Чрезвычайно характерно, между прочим, одно обстоятельство, достойное отдельной статьи по своему значению: убыль лю­бовных тем в советской литературе... Объяснюсь вкратце. Любовь в советских книгах еще есть, но, за редчайшими исключениями, это не та пронзи­тельная, романтическая, опаляющая, нередко при­ водящая к смерти, вертеро-тристановская страсть, которая была дорога «старинным прославленным поэтам», а довольно прозаическое влечение. Она не является больше «землетрясением души», как сказал, кажется, Гейне. Она не заполняет все со­ знание человека и не побуждает его замкнуться в себе. Казалось бы, в чем дело? Ни Маркс, ни Ле­нин, ни цензура не запрещают любить и влюблять­ся по-прежнему. Очевидно, если любовь из совет­ской литературы исчезает, то на это есть причи­ны внутренние... Из всех позиций «старого мира» эту «любовную» позицию людям уступить было бы, вероятно, тяжелее всего. Они ее, конечно, будут отстаивать и, может быть, отстоят. Но к непоколебимой уверенности, что любовь-страсть «заложена в самых основах человеческого духа», надо было бы для полноты дела, в качестве допол­нительных материалов, приложить исследования некоторых новых историков по предмету, когда именно «любовь» в нашем мире возникла (если не ошибаюсь, по их утверждению, — она роди­лась в XI веке на юге Франции), и некоторые позд­ние суждения Толстого о природе любви, и удиви­тельные крестьянские записи С. Федорченко (смысл их: «нам некогда любить», «все это — блажь», «барские выдумки»). Быть может, любовь-страсть, освобожденная от чувственности, а главное, ищу­щая загробного своего продолжения, — не так «вечна», как кажется. Другой вопрос — насколь­ко она желательна или прекрасна. 
Едва ли желательно для большинства из нас и вообще все то, что происходит сейчас в сознании России. Но тем более надо эти изменения и про­цессы знать, чтобы не вслепую включить в общее русское дело и свою волю. Я написал не пропо­ведь, а статью, стараясь изложить только то, что есть. От того, что «есть», естественно перейти к тому, что должно быть, — но это уже область борь­бы, а не созерцания, действия, а не наблюдения. Кто имеет силы, тот когда-нибудь в эту область и перейдет. 
Он встретит «на поле битвы», в России, множе­ство душ, связанных сознанием своего единства, — и не будет это сознание разрушать, конечно. Он найдет меньше тоски в мире, меньше безотчетных и безнадежных порывов. Он увидит, что, излечившись от гипертрофии личности, каждый не «лепит статуэтку своей жизни», а кладет кирпич в основа­ние общего здания. Он заменит строителей, устро­ится на земле своими средствами, на свой страх, без чуда, без неба, — и отнесется к этому, как подскажет ему совесть. Но, наверно, он примет участие в той защите души человека, которая тайно и явно без остановки ведется в России, — души новой или старой, со всеми прежними страстями или не всеми, с утонченностью или упрощением, безразлично, но души, которая позволила бы части целого быть поистине живой и члену «коллектива» быть поистине личностью. Все он готов будет отдать ради уничтожения одиночества: толь­ко не это. 


­ 




 








";;;
Заметки о советской литературы;"Полгода назад в «Новом мире» была напечатана новость Я. Рыкачева «Величие и падение Андрея Полозова» — произведение настолько незаурядное, что нельзя было не запомнить имени его автора, писателя совсем еще малоизвестного. Оповести этой была уже речь в нашей газете. Напомню, что в ней чрезвычайно тонко и метко был очер­чен тип «приспособленца», доходящего в своем сложном и трудном искусстве до подлинной вирту­озности. Андрея Полозова, провинциального честолюбивого журналиста, которого «ребята выдвинули на работу в Москву», все принимают за убежденней­шего большевика. «Глубоко свой парень», как при­нято теперь выражаться в России, Андрей Полозов делает головокружительную карьеру и только по какой-то несчастливой роковой случайности ока зывается разоблаченным. Автор подчеркивает, что «падение» его именно случайно: вполне было бы воз­ можно для Полозова блистать на советском литера­турном небосклоне и до сих пор. 
Я. Рыкачева, как водится, за его повесть ожесто­ченно бранили. Критика указывала, что он в выпол­нении ленинского завета о «срывании всех и всячес­ких масок» зашел слишком далеко и не удержался от клеветы. Но нашлись у Рыкачева и защитники — Лидия Сейфуллина, например (кстати: довольно сме­лый и честный человек, — если судить по ее выступ­лениям на различных теперешних «дискуссиях»). Из-за «Величия и падения Андрея Полозова» раз­горелись страсти. 
Подпись Рыкачева с тех пор останавливает на себе внимание. И не напрасно. Интересно и свое­ образно все, что Рыкачев пишет. В скором времени должна выйти его книга: «Идеологические портреты». Некоторые отрывки из этой книги появи­лись в московской периодической печати. В одном из последних номеров «Литературной газеты» по­мещен любопытнейший «портрет» попутчика Ка­ширина. 
Каширин — лицо воображаемое. Автор предуп­реждает, что «искать оригинал этого портрета было бы бесплодным делом». Надо думать, что это дей­ствительно так. Рыкачев склонен к обобщениям, не к фотографической передаче неповторимых черт той или иной индивидуальности. 
Писатель Каширин относится к революции не с ненавистью, а с печалью. Именно поэтому он и чис­лится в «попутчиках»: звание, которое Каширин ценит, которым он даже гордится. Печаль Каширина внушает читателям уважение. Они, читатели, не за­мечают, что Каширин «ощущает величие эпохи бо­лее всего со стороны причиняемых ею душевных неудобств». Они видят лишь, что Каширин «несет свою печаль как высокую болезнь, как горький от­ стой тысячелетней культуры». 
Каширин пишет: «Предо мной — одно из великих свершений че­ловеческой воли. Вот он — путь: от римского водопро­вода до этого гиганта социалистической индустрии. Вдали угасает заря. На тревожном фоне заревого неба, словно мифические гиганты, шагают в неиз­вестность телеграфные столбы. В закатном пламени быстро дотлевают последние лоскутья дня. Ско­ро сойдет на землю ночь — беззвездная и безлунная. Запомним ли мы когда-нибудь эту бездомную, чер­ную пустоту!» 
Дальше идет речь о промфинплане, о прорывах, о соцсоревновании, об ударничестве... Не к чему при­ драться. Но в элегическом тоне каширинских строк звучит: «Все суета сует и томление духа, бесплодны труды человека и нет в них пользы под солнцем». И как бы ни восхищался Каширин «гигантами социалистической индустрии», он с меланхолическим лиризмом своим не расстается. Какой-нибудь крас­ный директор у него непременно «печальный, из­можденный человек, с большими недоуменными глазами, как бы вопрошающими: ну, как, правиль­но я делаю свое дело?» 
Попутчик ли Каширин? Рыкачев в этом сильно сомневается. Он восклицает: «Избави нас, Боже, от печали, а с ненавистью мы сами справимся». Для него эта печаль — «явление сложное и ядовитое». 
Ибо в СССР, по убеждению Рыкачева, — печаль отменена. «Разумеется, — говорит Рыкачев уже от имени пролетариата и революции, — каждый писа­тель имеет право на свое собственное восприятие. Иначе было бы с лихвой достаточно одного писате­ля. Но и действительность имеет кое-какие права. Мы требуем, чтобы писатель уважал права этой дей ствительности» . Кто в СССР не согласен с тем, что все в мире пре­красно и с каждым днем становится еще прекрас­нее, — должен молчать. 
Таков единственный вывод, который можно сде­лать из рыкачевского очерка. Автор едко иронизиру­ет над Кашириным, которого изображает пошляком и плутом. Портрет, несомненно, актуален и меток. Остается только неясным, как отнесся бы Рыкачев к печали своего героя, будь она не напускной и лжи­ вой, а искренней и подлинной. 

Как он отнесся к тому, что теперь пишет Юрий Олеша, например? Если искать печали, то ни у кого из признанных и официально одобряемых советских писателей более острой печали не найти. Пожалуй, только у Шкловского в его последних книгах. Но Шкловскому в России очень тяжело живется. К Олеше отношение иное. С ним, правда, много спорят, но спорят еще и до сих пор весьма почтительно. Рта ему не зажимают. Настроения его, по-видимому, объ­ясняются причинами внутренними, и поэтому и вызывают в советской критике тревожное недоуме­ние. «Что ему надо?» — как бы говорит эта крити­ка, привыкшая к покорному, счастливому и тупо­му спокойствию тех, кому при ее содействии удалось выйти в люди. 
Олеша в маленьком и довольно «желтом» жур­нальчике «30 дней» поместил свои отрывочные за­ метки и записки. Почему именно он выбрал для обнародования их место столь мало подходящее, объяснять не берусь. Может быть, для того, чтобы придать им вид мелочей, пустяков, второстепенного, завалявшегося материала. Заметки названы: «Кое- что из секретных записей попутчика Занда». 
Как будто бы и не Олеша пишет, а какой-то вы­мышленный, несуществующий Занд. Но никого эти хитрости в заблуждение не введут. Каждое слово в «секретных записках» проникнуто личным непод­дельным чувством, личной болезненно-взволнован- ной мыслью, — и некий тов. Бачелис, тут же в после­словии читающий Олеше нотации, твердо знает, что обращается он по правильному адресу. 
Невозможно определить, о чем именно грустит или тоскует Занд-Олеша. Обо всем — и ни о чем. Он сам ищет нужных, точных слов и не находит их. «Когда начинаешь проверять себя, осматриваться, взвешивать то, что сделал, становится ясным, что твоя деятельность, которая в иные минуты кажет­ся тебе такой значительной, на самом деле чрезвы­чайно ничтожна...» Это — чувство «суетысует», то именно, над чем посмеивается Рыкачев. Но рыкачевский герой действительно смешон, а об Олеше этого не скажешь... 
Занд вспоминает людей, которым он за что-либо благодарен, или которые его удивили. Джек Лондон, Бальзак, Пушкин, Толстой. О Толстом он говорит остроумно: 
«Этот человек был так велик и такое сознавал в себе превосходство, что не мог мириться с тем, что в мире и в жизни могут существовать другие ве­ликие люди или идеи, с которыми он не мог бы померяться силами. Он выбрал себе самых могущественных противников, и только тех, перед которыми все человечество простиралось ниц: Напо­леона, Смерть, Христианство, Искусство и самое Жизнь, потому что написал “Крейцерову сонату”, где призывал людей к отказу от размножения, то есть от самой жизни...» 
Занд завидует Толстому, завидует многим дру­гим. Он «страстно мечтает о силе» и не чувствует ее в себе. 
Наиболее плодотворное — и для советского пи­сателя неожиданное — замечание сделано как бы вскользь: 
«Так вот в чем дело! — говорит Занд после дол­гих и не совсем ясных размышлений о себе, о своей жизни, о своем ремесле, — так вот в чем дело! Воз­ врат внимания в себя, в мир внутренний! Сама профессия моя, профессия писателя, такова, что внимание не может принадлежать только внеш­нему миру». 
Занд рассказывает, что он поделился своими ду­мами с каки!й-то «большевиком-редактором». Тот ответил: 
— Вы должны включиться в жизнь масс. Такой же совет дает Олеше тов. Бачелис. — Вам нужно слиться с массой. Эти поучения в советской России каждый слы­шал, конечно, не раз. Едва ли они покажутся Олеше и его Занду убедительными. 
Б. Левин — писатель новый и, кажется, совсем еще молодой. В последнее время его небольшие по­ вести и рассказы мелькают в журналах часто. 
Б. Левина так охотно печатают не потому, что­ бы он был беллетристом особенно благонамеренным и нужным с партийной точки зрения или обладал выдающимся художественным талантом... Нет, ни в том, ни в другом отношении Б. Левин ничего исключительного собой не представляет. Но у него есть дар, редкий в новейшей словесности: дар легкости, дар увлекательности, нечто родственное тому, что от всех или почти всех современных повествователей отличает Алексея Толстого. 
Конечно, все это — «для среднего читателя». Конечно, это не глубоко... Но в своем роде это за­мечательные образцы умения из самых, казалось бы, неподходящих элементов составить смесь, где всего в меру: и любви, и политики, и юмора, и раз­ личных художественных «блесток», — всего вооб­ще, что должно удовлетворять и критику, и про­стых смертных. 
О романе Б. Левина «Жили два товарища» я рас­ скажу в ближайшее время более подробно. С быто­ вой точки зрения, роман этот достоин пристального внимания. Но любопытны и мелкие вещи Левина: рассказ «Одна радость», например, напечатанный в ноябрьской книжке «Красной нови». 
Завязка — самая наивная. Большевик-энтузиаст, Сморода, работает по уборке льна. Далеко, за шесть тысяч верст, на Онекстрое работает редак­тором местной газеты его жена Наташа, тоже большевичка, и тоже энтузиастка. Наташа любит Смороду, Сморода любит Наташу. Но счастье их на­рушает инженер Эун, к которому Наташа уходит. Сморода взбешен, потрясен, но... он читает об ус­пехах Онекского строительства и забывает личные обиды. «Радость!» — восклицает он. Автор добав­ляет от себя: «Товарищи, вас ждут десятки, сотни, тысячи радостей!» 
Эту незамысловатую историю Левин рассказы­вает очень живо и искусно. Более чем вероятно, что он скоро станет одним из популярнейших в России беллетристов: у него есть для этого данные; и, по- видимому, единственным побуждением к творчеству является для него желание заинтересовать читате­ля. Цели своей он достигает. 




";1932;;
